[{"model": "wuliu.settings", "pk": 1, "fields": {"company_name": "PP物流", "handling_fee_ratio": 0.002, "customer_score_ratio": 1.0}}, {"model": "wuliu.permissiongroup", "pk": 1, "fields": {"name": "root_permission_group", "print_name": "根权限组", "father": null}}, {"model": "wuliu.permissiongroup", "pk": 2, "fields": {"name": "base_features", "print_name": "基本功能", "father": 1}}, {"model": "wuliu.permissiongroup", "pk": 3, "fields": {"name": "waybill", "print_name": "运单管理", "father": 2}}, {"model": "wuliu.permissiongroup", "pk": 4, "fields": {"name": "transport_out", "print_name": "发车管理", "father": 2}}, {"model": "wuliu.permissiongroup", "pk": 5, "fields": {"name": "arrival", "print_name": "到达管理", "father": 2}}, {"model": "wuliu.permissiongroup", "pk": 6, "fields": {"name": "finance", "print_name": "财务管理", "father": 2}}, {"model": "wuliu.permissiongroup", "pk": 7, "fields": {"name": "report_table", "print_name": "业务报表", "father": 2}}, {"model": "wuliu.permissiongroup", "pk": 8, "fields": {"name": "manage_cargo_price_payment", "print_name": "代收款转账单", "father": 6}}, {"model": "wuliu.permissiongroup", "pk": 9, "fields": {"name": "manage_department_payment", "print_name": "部门回款单", "father": 6}}, {"model": "wuliu.permissiongroup", "pk": 10, "fields": {"name": "customer_score_log", "print_name": "客户积分记录", "father": 6}}, {"model": "wuliu.permissiongroup", "pk": 11, "fields": {"name": "manage_waybill", "print_name": "运单管理", "father": 3}}, {"model": "wuliu.permission", "pk": 13, "fields": {"name": "add_waybill", "print_name": "运单录入", "father": 3}}, {"model": "wuliu.permission", "pk": 14, "fields": {"name": "manage_waybill__search", "print_name": "查询", "father": 11}}, {"model": "wuliu.permission", "pk": 15, "fields": {"name": "manage_transport_out__search", "print_name": "查询", "father": 4}}, {"model": "wuliu.permission", "pk": 16, "fields": {"name": "manage_arrival", "print_name": "到货管理", "father": 5}}, {"model": "wuliu.permission", "pk": 17, "fields": {"name": "manage_sign_for", "print_name": "客户签收", "father": 5}}, {"model": "wuliu.permission", "pk": 18, "fields": {"name": "manage_department_payment__search", "print_name": "查询", "father": 9}}, {"model": "wuliu.permission", "pk": 19, "fields": {"name": "manage_cargo_price_payment__search", "print_name": "查询", "father": 8}}, {"model": "wuliu.permission", "pk": 20, "fields": {"name": "report_table_src_waybill", "print_name": "收货报表", "father": 7}}, {"model": "wuliu.permission", "pk": 21, "fields": {"name": "report_table_stock_waybill", "print_name": "发货库存", "father": 7}}, {"model": "wuliu.permission", "pk": 22, "fields": {"name": "report_table_dst_waybill", "print_name": "到货报表", "father": 7}}, {"model": "wuliu.permission", "pk": 23, "fields": {"name": "report_table_dst_stock_waybill", "print_name": "到货库存", "father": 7}}, {"model": "wuliu.permission", "pk": 24, "fields": {"name": "report_table_sign_for_waybill", "print_name": "提货报表", "father": 7}}, {"model": "wuliu.permission", "pk": 25, "fields": {"name": "manage_cargo_price_payment__add_edit_delete_submit", "print_name": "新增，修改，删除，提交", "father": 8}}, {"model": "wuliu.permission", "pk": 27, "fields": {"name": "manage_cargo_price_payment__review_reject", "print_name": "审核，驳回", "father": 8}}, {"model": "wuliu.permission", "pk": 28, "fields": {"name": "manage_cargo_price_payment__pay", "print_name": "确认支付", "father": 8}}, {"model": "wuliu.permission", "pk": 30, "fields": {"name": "manage_department_payment__add_delete", "print_name": "新增，删除", "father": 9}}, {"model": "wuliu.permission", "pk": 31, "fields": {"name": "manage_department_payment__review", "print_name": "审核", "father": 9}}, {"model": "wuliu.permission", "pk": 32, "fields": {"name": "manage_department_payment__pay", "print_name": "支付", "father": 9}}, {"model": "wuliu.permission", "pk": 33, "fields": {"name": "manage_department_payment__settle", "print_name": "结算", "father": 9}}, {"model": "wuliu.permission", "pk": 35, "fields": {"name": "customer_score_log__add", "print_name": "变更积分", "father": 10}}, {"model": "wuliu.permission", "pk": 36, "fields": {"name": "customer_score_log__search", "print_name": "查询", "father": 10}}, {"model": "wuliu.permission", "pk": 37, "fields": {"name": "manage_waybill__edit_delete_print", "print_name": "修改，删除，打印", "father": 11}}, {"model": "wuliu.permission", "pk": 38, "fields": {"name": "manage_transport_out__add_edit_delete_start", "print_name": "新增，修改，删除，发车", "father": 4}}, {"model": "wuliu.department", "pk": 10, "fields": {"name": "PP物流", "father_department": null, "unit_price": 0.0, "enable_src": false, "enable_dst": false, "enable_cargo_price": false, "is_branch_group": false}}, {"model": "wuliu.department", "pk": 11, "fields": {"name": "分公司", "father_department": 10, "unit_price": 0.0, "enable_src": false, "enable_dst": false, "enable_cargo_price": false, "is_branch_group": true}}, {"model": "wuliu.department", "pk": 12, "fields": {"name": "收货点", "father_department": 10, "unit_price": 0.0, "enable_src": false, "enable_dst": false, "enable_cargo_price": false, "is_branch_group": true}}, {"model": "wuliu.department", "pk": 13, "fields": {"name": "货场", "father_department": 10, "unit_price": 0.0, "enable_src": false, "enable_dst": false, "enable_cargo_price": false, "is_branch_group": false}}, {"model": "wuliu.department", "pk": 14, "fields": {"name": "财务部", "father_department": 17, "unit_price": 0.0, "enable_src": false, "enable_dst": false, "enable_cargo_price": false, "is_branch_group": false}}, {"model": "wuliu.department", "pk": 15, "fields": {"name": "测试分公司", "father_department": 11, "unit_price": 0.3, "enable_src": true, "enable_dst": true, "enable_cargo_price": true, "is_branch_group": false}}, {"model": "wuliu.department", "pk": 16, "fields": {"name": "测试收货点", "father_department": 12, "unit_price": 0.2, "enable_src": true, "enable_dst": true, "enable_cargo_price": true, "is_branch_group": false}}, {"model": "wuliu.department", "pk": 17, "fields": {"name": "总部", "father_department": 10, "unit_price": 0.0, "enable_src": false, "enable_dst": false, "enable_cargo_price": false, "is_branch_group": false}}, {"model": "wuliu.user", "pk": 1, "fields": {"name": "csfgs", "password": "pbkdf2_sha256$260000$8svd0aay4JkeJaMERz9KxW$85WvRjHXoZt4TjFbf4ysnWHCzPdzEoavW79WtEVnovY=", "enabled": true, "administrator": false, "department": 15, "create_time": "2021-05-23T13:35:39.920Z", "permission": [13, 14, 15, 16, 17, 18, 19, 20, 21, 22, 23, 24, 25, 32, 36, 37, 38]}}, {"model": "wuliu.user", "pk": 2, "fields": {"name": "csshd", "password": "pbkdf2_sha256$260000$xTSuCKnwQKn1emfe6NlmOo$YZKmFqJAR7tNtOmTLU2l867hTg3etMk71D8rw37hFoo=", "enabled": true, "administrator": false, "department": 16, "create_time": "2021-05-23T13:35:51.703Z", "permission": [13, 14, 15, 16, 17, 18, 19, 20, 21, 22, 23, 24, 25, 32, 36, 37, 38]}}, {"model": "wuliu.user", "pk": 3, "fields": {"name": "pzqqt", "password": "pbkdf2_sha256$260000$LFqIIYhYbUwmlSbKINs5sN$fSm8muI6A7IfIU0wp9q1mnmJdXB5+aQp13khBDlQSC8=", "enabled": true, "administrator": true, "department": 10, "create_time": "2021-05-23T13:36:06.870Z", "permission": [13, 14, 15, 16, 17, 18, 19, 20, 21, 22, 23, 24, 35, 36]}}, {"model": "wuliu.user", "pk": 4, "fields": {"name": "kj_1", "password": "pbkdf2_sha256$260000$gOAxDfcZUcUlOGj36vROQF$NK7iDeS9sq5GL5Qxk/HSiS0tJzkc4JfRMrzKBYeswnw=", "enabled": true, "administrator": false, "department": 14, "create_time": "2021-05-23T13:36:26.312Z", "permission": [14, 15, 18, 19, 20, 21, 22, 23, 24, 25, 27, 28, 30, 31, 33, 35, 36]}}, {"model": "wuliu.user", "pk": 5, "fields": {"name": "zxg_1", "password": "pbkdf2_sha256$260000$Br0dDcoyU4Tlj1hcFXdZTI$IQllJkDKZtou7K7xyPuxzPB7gEzeRK3cEV0VnxjM6qQ=", "enabled": true, "administrator": false, "department": 13, "create_time": "2021-05-23T13:36:40.991Z", "permission": [14, 15, 16, 20, 21, 38]}}, {"model": "wuliu.user", "pk": 6, "fields": {"name": "zxg_2", "password": "pbkdf2_sha256$260000$cBX20RHio0LBX7HnVcZMYU$6bqqAWgvCkOdfHX6QGHSO8rmq59JEw7M1fT/UubSF5k=", "enabled": true, "administrator": false, "department": 13, "create_time": "2021-05-23T13:36:53.671Z", "permission": [14, 15, 16, 20, 21, 38]}}, {"model": "wuliu.customer", "pk": 1, "fields": {"name": "张三", "phone": "13333333333", "enabled": true, "bank_name": "张三银行", "bank_number": "3333333333333333333", "credential_num": "333333333333333333", "address": "", "is_vip": true, "score": 1657, "create_time": "2021-05-23T13:39:16.942Z"}}, {"model": "wuliu.customer", "pk": 2, "fields": {"name": "李四", "phone": "13444444444", "enabled": true, "bank_name": "李四银行", "bank_number": "4444444444444444444", "credential_num": "444444444444444444", "address": "", "is_vip": false, "score": 0, "create_time": "2021-05-23T13:40:04.334Z"}}, {"model": "wuliu.customer", "pk": 3, "fields": {"name": "王五", "phone": "13555555555", "enabled": true, "bank_name": "王五银行", "bank_number": "5555555555555555555", "credential_num": "555555555555555555", "address": "", "is_vip": true, "score": 65, "create_time": "2021-05-23T13:42:49.599Z"}}, {"model": "wuliu.customer", "pk": 4, "fields": {"name": "赵六", "phone": "13666666666", "enabled": true, "bank_name": "赵六银行", "bank_number": "6666666666666666666", "credential_num": "666666666666666666", "address": "", "is_vip": false, "score": 0, "create_time": "2021-05-23T13:43:21.173Z"}}, {"model": "wuliu.customer", "pk": 5, "fields": {"name": "王镜泽", "phone": "13888888888", "enabled": true, "bank_name": "镜泽银行", "bank_number": "8888888888888888888", "credential_num": "888888888888888888", "address": "", "is_vip": false, "score": 0, "create_time": "2021-05-23T13:43:54.174Z"}}, {"model": "wuliu.customer", "pk": 6, "fields": {"name": "芦苇", "phone": "13777777777", "enabled": true, "bank_name": "芦苇银行", "bank_number": "7777777777777777777", "credential_num": "777777777777777777", "address": "", "is_vip": false, "score": 0, "create_time": "2021-05-23T13:44:18.886Z"}}, {"model": "wuliu.customer", "pk": 7, "fields": {"name": "马保国", "phone": "13999999999", "enabled": true, "bank_name": "保国银行", "bank_number": "9999999999999999999", "credential_num": "999999999999999999", "address": "", "is_vip": false, "score": 0, "create_time": "2021-05-23T13:44:47.957Z"}}, {"model": "wuliu.customer", "pk": 8, "fields": {"name": "岛市老八", "phone": "15888888888", "enabled": true, "bank_name": "老八银行", "bank_number": "8888888888888888888", "credential_num": "888888888888888888", "address": "", "is_vip": true, "score": 22, "create_time": "2021-06-04T03:24:29.782Z"}}, {"model": "wuliu.cargopricepayment", "pk": 6, "fields": {"create_time": "2021-10-05T03:18:00.209Z", "settle_accounts_time": "2021-10-05T03:20:30.856Z", "create_user": 2, "payee_name": "张三", "payee_phone": "13333333333", "payee_bank_name": "张三银行", "payee_bank_number": "3333333333333333333", "payee_credential_num": "333333333333333333", "remark": "", "reject_reason": "", "status": 3}}, {"model": "wuliu.cargopricepayment", "pk": 7, "fields": {"create_time": "2021-10-05T03:19:08.763Z", "settle_accounts_time": "2021-10-05T03:20:27.641Z", "create_user": 2, "payee_name": "王五", "payee_phone": "13555555555", "payee_bank_name": "王五银行", "payee_bank_number": "5555555555555555555", "payee_credential_num": "555555555555555555", "remark": "", "reject_reason": "", "status": 3}}, {"model": "wuliu.cargopricepayment", "pk": 8, "fields": {"create_time": "2021-10-19T07:49:22.013Z", "settle_accounts_time": "2021-10-19T08:01:20.368Z", "create_user": 2, "payee_name": "芦苇", "payee_phone": "13777777777", "payee_bank_name": "芦苇银行", "payee_bank_number": "7777777777777777777", "payee_credential_num": "777777777777777777", "remark": "加急加急", "reject_reason": "", "status": 3}}, {"model": "wuliu.waybill", "pk": 1, "fields": {"create_time": "2021-05-29T01:09:50.037Z", "arrival_time": "2021-05-30T12:48:37.007Z", "sign_for_time": "2021-05-31T09:00:18.350Z", "src_department": 16, "dst_department": 15, "src_customer": 1, "src_customer_name": "张三", "src_customer_phone": "13333333333", "src_customer_credential_num": "333333333333333333", "src_customer_address": "", "dst_customer": 2, "dst_customer_name": "李四", "dst_customer_phone": "13444444444", "dst_customer_credential_num": "444444444444444444", "dst_customer_address": "", "cargo_name": "配件", "cargo_num": 3, "cargo_volume": 0.5, "cargo_weight": 100.0, "cargo_price": 599, "cargo_handling_fee": 2, "fee": 30, "fee_type": 1, "customer_remark": "", "company_remark": "", "sign_for_customer_name": "李四", "sign_for_customer_credential_num": "444444444444444444", "status": 7, "drop_reason": "", "return_waybill": null, "cargo_price_payment": 6, "cargo_price_status": 2}}, {"model": "wuliu.waybill", "pk": 2, "fields": {"create_time": "2021-05-29T01:10:23.356Z", "arrival_time": "2021-05-30T12:48:37.007Z", "sign_for_time": "2021-06-04T03:22:22.989Z", "src_department": 16, "dst_department": 15, "src_customer": 3, "src_customer_name": "王五", "src_customer_phone": "13555555555", "src_customer_credential_num": "555555555555555555", "src_customer_address": "", "dst_customer": 4, "dst_customer_name": "赵六", "dst_customer_phone": "13666666666", "dst_customer_credential_num": "666666666666666666", "dst_customer_address": "", "cargo_name": "门套", "cargo_num": 5, "cargo_volume": 0.5, "cargo_weight": 200.0, "cargo_price": 3999, "cargo_handling_fee": 8, "fee": 50, "fee_type": 2, "customer_remark": "", "company_remark": "", "sign_for_customer_name": "赵六", "sign_for_customer_credential_num": "666666666666666666", "status": 7, "drop_reason": "", "return_waybill": null, "cargo_price_payment": 7, "cargo_price_status": 2}}, {"model": "wuliu.waybill", "pk": 3, "fields": {"create_time": "2021-05-29T01:10:53.490Z", "arrival_time": "2021-06-02T03:26:29.530Z", "sign_for_time": null, "src_department": 16, "dst_department": 15, "src_customer": 1, "src_customer_name": "张三", "src_customer_phone": "13333333333", "src_customer_credential_num": "333333333333333333", "src_customer_address": "", "dst_customer": 5, "dst_customer_name": "王镜泽", "dst_customer_phone": "13888888888", "dst_customer_credential_num": "888888888888888888", "dst_customer_address": "", "cargo_name": "黄金炒饭", "cargo_num": 1, "cargo_volume": 0.1, "cargo_weight": 0.5, "cargo_price": 0, "cargo_handling_fee": 0, "fee": 5, "fee_type": 0, "customer_remark": "", "company_remark": "", "sign_for_customer_name": "", "sign_for_customer_credential_num": "", "status": 8, "drop_reason": "", "return_waybill": null, "cargo_price_payment": null, "cargo_price_status": 0}}, {"model": "wuliu.waybill", "pk": 4, "fields": {"create_time": "2021-05-29T01:12:30.298Z", "arrival_time": "2021-06-02T03:26:29.530Z", "sign_for_time": "2021-07-06T01:58:48.674Z", "src_department": 16, "dst_department": 15, "src_customer": 3, "src_customer_name": "王五", "src_customer_phone": "13555555555", "src_customer_credential_num": "555555555555555555", "src_customer_address": "", "dst_customer": 6, "dst_customer_name": "芦苇", "dst_customer_phone": "13777777777", "dst_customer_credential_num": "777777777777777777", "dst_customer_address": "", "cargo_name": "八倍镜", "cargo_num": 3, "cargo_volume": 0.1, "cargo_weight": 1.5, "cargo_price": 8999, "cargo_handling_fee": 18, "fee": 10, "fee_type": 1, "customer_remark": "", "company_remark": "", "sign_for_customer_name": "芦苇", "sign_for_customer_credential_num": "777777777777777777", "status": 7, "drop_reason": "", "return_waybill": null, "cargo_price_payment": 7, "cargo_price_status": 2}}, {"model": "wuliu.waybill", "pk": 5, "fields": {"create_time": "2021-05-29T01:13:21.449Z", "arrival_time": "2021-06-02T03:26:29.530Z", "sign_for_time": "2021-06-04T03:27:55.523Z", "src_department": 16, "dst_department": 15, "src_customer": 3, "src_customer_name": "王五", "src_customer_phone": "13555555555", "src_customer_credential_num": "555555555555555555", "src_customer_address": "", "dst_customer": 7, "dst_customer_name": "马保国", "dst_customer_phone": "13999999999", "dst_customer_credential_num": "999999999999999999", "dst_customer_address": "", "cargo_name": "耗子尾汁", "cargo_num": 10, "cargo_volume": 0.5, "cargo_weight": 5.0, "cargo_price": 0, "cargo_handling_fee": 0, "fee": 10, "fee_type": 0, "customer_remark": "", "company_remark": "", "sign_for_customer_name": "马保国", "sign_for_customer_credential_num": "13999999999", "status": 7, "drop_reason": "", "return_waybill": null, "cargo_price_payment": null, "cargo_price_status": 0}}, {"model": "wuliu.waybill", "pk": 6, "fields": {"create_time": "2021-05-30T14:52:12.984Z", "arrival_time": "2021-06-07T03:30:51.384Z", "sign_for_time": "2021-07-06T01:58:48.674Z", "src_department": 16, "dst_department": 15, "src_customer": 1, "src_customer_name": "张三", "src_customer_phone": "13333333333", "src_customer_credential_num": "333333333333333333", "src_customer_address": "", "dst_customer": 6, "dst_customer_name": "芦苇", "dst_customer_phone": "13777777777", "dst_customer_credential_num": "777777777777777777", "dst_customer_address": "", "cargo_name": "三级包", "cargo_num": 1, "cargo_volume": 0.1, "cargo_weight": 5.0, "cargo_price": 499, "cargo_handling_fee": 1, "fee": 5, "fee_type": 1, "customer_remark": "", "company_remark": "", "sign_for_customer_name": "芦苇", "sign_for_customer_credential_num": "777777777777777777", "status": 7, "drop_reason": "", "return_waybill": null, "cargo_price_payment": 6, "cargo_price_status": 2}}, {"model": "wuliu.waybill", "pk": 7, "fields": {"create_time": "2021-06-01T09:04:26.310Z", "arrival_time": "2021-06-07T03:30:51.384Z", "sign_for_time": "2021-09-09T03:24:56.348Z", "src_department": 16, "dst_department": 15, "src_customer": 3, "src_customer_name": "王五", "src_customer_phone": "13555555555", "src_customer_credential_num": "555555555555555555", "src_customer_address": "", "dst_customer": 7, "dst_customer_name": "马保国", "dst_customer_phone": "13999999999", "dst_customer_credential_num": "999999999999999999", "dst_customer_address": "", "cargo_name": "闪电鞭", "cargo_num": 2, "cargo_volume": 0.1, "cargo_weight": 10.0, "cargo_price": 0, "cargo_handling_fee": 0, "fee": 5, "fee_type": 1, "customer_remark": "", "company_remark": "", "sign_for_customer_name": "马保国", "sign_for_customer_credential_num": "13999999999", "status": 7, "drop_reason": "", "return_waybill": null, "cargo_price_payment": null, "cargo_price_status": 0}}, {"model": "wuliu.waybill", "pk": 8, "fields": {"create_time": "2021-06-04T03:25:57.024Z", "arrival_time": "2021-07-06T08:08:31.093Z", "sign_for_time": "2021-08-25T02:10:04.857Z", "src_department": 15, "dst_department": 16, "src_customer": 5, "src_customer_name": "王镜泽", "src_customer_phone": "13888888888", "src_customer_credential_num": "888888888888888888", "src_customer_address": "", "dst_customer": 1, "dst_customer_name": "张三", "dst_customer_phone": "13333333333", "dst_customer_credential_num": "333333333333333333", "dst_customer_address": "", "cargo_name": "黄金炒饭", "cargo_num": 1, "cargo_volume": 0.1, "cargo_weight": 0.5, "cargo_price": 0, "cargo_handling_fee": 0, "fee": 10, "fee_type": 0, "customer_remark": "", "company_remark": "", "sign_for_customer_name": "王镜泽", "sign_for_customer_credential_num": "888888888888888888", "status": 7, "drop_reason": "", "return_waybill": 3, "cargo_price_payment": null, "cargo_price_status": 0}}, {"model": "wuliu.waybill", "pk": 9, "fields": {"create_time": "2021-06-04T03:31:19.877Z", "arrival_time": "2021-07-06T08:08:31.093Z", "sign_for_time": "2021-08-25T02:32:15.438Z", "src_department": 15, "dst_department": 16, "src_customer": 8, "src_customer_name": "岛市老八", "src_customer_phone": "15888888888", "src_customer_credential_num": "888888888888888888", "src_customer_address": "", "dst_customer": 1, "dst_customer_name": "张三", "dst_customer_phone": "13333333333", "dst_customer_credential_num": "333333333333333333", "dst_customer_address": "", "cargo_name": "秘制小汉堡", "cargo_num": 10, "cargo_volume": 0.1, "cargo_weight": 3.0, "cargo_price": 0, "cargo_handling_fee": 0, "fee": 10, "fee_type": 1, "customer_remark": "", "company_remark": "", "sign_for_customer_name": "岛市老八", "sign_for_customer_credential_num": "888888888888888888", "status": 7, "drop_reason": "", "return_waybill": null, "cargo_price_payment": null, "cargo_price_status": 0}}, {"model": "wuliu.waybill", "pk": 10, "fields": {"create_time": "2021-06-04T03:34:11.995Z", "arrival_time": "2021-07-06T08:08:31.093Z", "sign_for_time": "2021-08-25T02:32:15.438Z", "src_department": 15, "dst_department": 16, "src_customer": 8, "src_customer_name": "岛市老八", "src_customer_phone": "15888888888", "src_customer_credential_num": "888888888888888888", "src_customer_address": "", "dst_customer": 3, "dst_customer_name": "王五", "dst_customer_phone": "13555555555", "dst_customer_credential_num": "555555555555555555", "dst_customer_address": "", "cargo_name": "奥里给！", "cargo_num": 1, "cargo_volume": 0.1, "cargo_weight": 1.0, "cargo_price": 0, "cargo_handling_fee": 0, "fee": 5, "fee_type": 0, "customer_remark": "", "company_remark": "", "sign_for_customer_name": "岛市老八", "sign_for_customer_credential_num": "888888888888888888", "status": 7, "drop_reason": "", "return_waybill": null, "cargo_price_payment": null, "cargo_price_status": 0}}, {"model": "wuliu.waybill", "pk": 11, "fields": {"create_time": "2021-06-05T08:16:39.139Z", "arrival_time": "2021-06-07T03:30:51.384Z", "sign_for_time": "2021-08-12T08:03:56.499Z", "src_department": 16, "dst_department": 15, "src_customer": 1, "src_customer_name": "张三", "src_customer_phone": "13333333333", "src_customer_credential_num": "333333333333333333", "src_customer_address": "", "dst_customer": 8, "dst_customer_name": "岛市老八", "dst_customer_phone": "15888888888", "dst_customer_credential_num": "888888888888888888", "dst_customer_address": "", "cargo_name": "臭豆腐", "cargo_num": 3, "cargo_volume": 0.1, "cargo_weight": 1.5, "cargo_price": 15, "cargo_handling_fee": 1, "fee": 5, "fee_type": 0, "customer_remark": "", "company_remark": "", "sign_for_customer_name": "老八", "sign_for_customer_credential_num": "8888888888888888888", "status": 7, "drop_reason": "", "return_waybill": null, "cargo_price_payment": 6, "cargo_price_status": 2}}, {"model": "wuliu.waybill", "pk": 12, "fields": {"create_time": "2021-06-05T08:17:09.737Z", "arrival_time": "2021-06-07T03:30:51.384Z", "sign_for_time": "2021-08-12T08:03:56.499Z", "src_department": 16, "dst_department": 15, "src_customer": 3, "src_customer_name": "王五", "src_customer_phone": "13555555555", "src_customer_credential_num": "555555555555555555", "src_customer_address": "", "dst_customer": 8, "dst_customer_name": "岛市老八", "dst_customer_phone": "15888888888", "dst_customer_credential_num": "888888888888888888", "dst_customer_address": "", "cargo_name": "腐乳", "cargo_num": 5, "cargo_volume": 0.1, "cargo_weight": 2.5, "cargo_price": 50, "cargo_handling_fee": 1, "fee": 5, "fee_type": 1, "customer_remark": "", "company_remark": "", "sign_for_customer_name": "老八", "sign_for_customer_credential_num": "8888888888888888888", "status": 7, "drop_reason": "", "return_waybill": null, "cargo_price_payment": 7, "cargo_price_status": 2}}, {"model": "wuliu.waybill", "pk": 13, "fields": {"create_time": "2021-06-05T08:18:10.697Z", "arrival_time": "2021-06-07T03:30:51.384Z", "sign_for_time": "2021-07-06T01:58:48.674Z", "src_department": 16, "dst_department": 15, "src_customer": 3, "src_customer_name": "王五", "src_customer_phone": "13555555555", "src_customer_credential_num": "555555555555555555", "src_customer_address": "", "dst_customer": 6, "dst_customer_name": "芦苇", "dst_customer_phone": "13777777777", "dst_customer_credential_num": "777777777777777777", "dst_customer_address": "", "cargo_name": "16倍镜", "cargo_num": 1, "cargo_volume": 0.1, "cargo_weight": 2.0, "cargo_price": 1999, "cargo_handling_fee": 4, "fee": 10, "fee_type": 2, "customer_remark": "", "company_remark": "", "sign_for_customer_name": "芦苇", "sign_for_customer_credential_num": "777777777777777777", "status": 7, "drop_reason": "", "return_waybill": null, "cargo_price_payment": 7, "cargo_price_status": 2}}, {"model": "wuliu.waybill", "pk": 14, "fields": {"create_time": "2021-06-05T09:40:37.890Z", "arrival_time": "2021-07-06T01:57:04.226Z", "sign_for_time": "2021-10-19T07:45:54.360Z", "src_department": 16, "dst_department": 15, "src_customer": 3, "src_customer_name": "王五", "src_customer_phone": "13555555555", "src_customer_credential_num": "555555555555555555", "src_customer_address": "", "dst_customer": 2, "dst_customer_name": "李四", "dst_customer_phone": "13444444444", "dst_customer_credential_num": "444444444444444444", "dst_customer_address": "", "cargo_name": "电脑配件", "cargo_num": 1, "cargo_volume": 0.1, "cargo_weight": 1.0, "cargo_price": 499, "cargo_handling_fee": 1, "fee": 5, "fee_type": 2, "customer_remark": "", "company_remark": "", "sign_for_customer_name": "李四", "sign_for_customer_credential_num": "13444444444", "status": 7, "drop_reason": "", "return_waybill": null, "cargo_price_payment": null, "cargo_price_status": 1}}, {"model": "wuliu.waybill", "pk": 15, "fields": {"create_time": "2021-06-07T03:28:35.542Z", "arrival_time": "2021-07-06T01:57:04.226Z", "sign_for_time": null, "src_department": 16, "dst_department": 15, "src_customer": 3, "src_customer_name": "王五", "src_customer_phone": "13555555555", "src_customer_credential_num": "555555555555555555", "src_customer_address": "", "dst_customer": 7, "dst_customer_name": "马保国", "dst_customer_phone": "13999999999", "dst_customer_credential_num": "999999999999999999", "dst_customer_address": "", "cargo_name": "闪电鞭", "cargo_num": 2, "cargo_volume": 0.1, "cargo_weight": 10.0, "cargo_price": 0, "cargo_handling_fee": 0, "fee": 10, "fee_type": 0, "customer_remark": "", "company_remark": "", "sign_for_customer_name": "", "sign_for_customer_credential_num": "", "status": 8, "drop_reason": "", "return_waybill": null, "cargo_price_payment": null, "cargo_price_status": 0}}, {"model": "wuliu.waybill", "pk": 16, "fields": {"create_time": "2021-06-10T02:35:29.037Z", "arrival_time": "2021-07-06T01:57:04.226Z", "sign_for_time": "2021-07-06T01:58:48.674Z", "src_department": 16, "dst_department": 15, "src_customer": 1, "src_customer_name": "张三", "src_customer_phone": "13333333333", "src_customer_credential_num": "333333333333333333", "src_customer_address": "", "dst_customer": 6, "dst_customer_name": "芦苇", "dst_customer_phone": "13777777777", "dst_customer_credential_num": "777777777777777777", "dst_customer_address": "", "cargo_name": "AWM", "cargo_num": 1, "cargo_volume": 0.1, "cargo_weight": 20.0, "cargo_price": 0, "cargo_handling_fee": 0, "fee": 10, "fee_type": 0, "customer_remark": "", "company_remark": "", "sign_for_customer_name": "芦苇", "sign_for_customer_credential_num": "777777777777777777", "status": 7, "drop_reason": "", "return_waybill": null, "cargo_price_payment": null, "cargo_price_status": 0}}, {"model": "wuliu.waybill", "pk": 17, "fields": {"create_time": "2021-06-10T02:36:11.996Z", "arrival_time": "2021-07-06T01:57:04.226Z", "sign_for_time": "2021-07-06T01:58:48.674Z", "src_department": 16, "dst_department": 15, "src_customer": 1, "src_customer_name": "张三", "src_customer_phone": "13333333333", "src_customer_credential_num": "333333333333333333", "src_customer_address": "", "dst_customer": 6, "dst_customer_name": "芦苇", "dst_customer_phone": "13777777777", "dst_customer_credential_num": "777777777777777777", "dst_customer_address": "", "cargo_name": "M416", "cargo_num": 1, "cargo_volume": 0.1, "cargo_weight": 10.0, "cargo_price": 0, "cargo_handling_fee": 0, "fee": 10, "fee_type": 1, "customer_remark": "", "company_remark": "", "sign_for_customer_name": "芦苇", "sign_for_customer_credential_num": "777777777777777777", "status": 7, "drop_reason": "", "return_waybill": null, "cargo_price_payment": null, "cargo_price_status": 0}}, {"model": "wuliu.waybill", "pk": 18, "fields": {"create_time": "2021-06-10T02:36:51.308Z", "arrival_time": "2021-07-06T01:57:04.226Z", "sign_for_time": "2021-07-06T01:58:48.674Z", "src_department": 16, "dst_department": 15, "src_customer": 3, "src_customer_name": "王五", "src_customer_phone": "13555555555", "src_customer_credential_num": "555555555555555555", "src_customer_address": "", "dst_customer": 6, "dst_customer_name": "芦苇", "dst_customer_phone": "13777777777", "dst_customer_credential_num": "777777777777777777", "dst_customer_address": "", "cargo_name": "平底锅", "cargo_num": 1, "cargo_volume": 0.1, "cargo_weight": 3.0, "cargo_price": 15, "cargo_handling_fee": 1, "fee": 5, "fee_type": 2, "customer_remark": "", "company_remark": "", "sign_for_customer_name": "芦苇", "sign_for_customer_credential_num": "777777777777777777", "status": 7, "drop_reason": "", "return_waybill": null, "cargo_price_payment": 7, "cargo_price_status": 2}}, {"model": "wuliu.waybill", "pk": 19, "fields": {"create_time": "2021-07-02T10:10:02.350Z", "arrival_time": "2021-07-06T01:57:04.226Z", "sign_for_time": "2021-07-06T01:58:48.674Z", "src_department": 16, "dst_department": 15, "src_customer": 1, "src_customer_name": "张三", "src_customer_phone": "13333333333", "src_customer_credential_num": "333333333333333333", "src_customer_address": "", "dst_customer": 6, "dst_customer_name": "芦苇", "dst_customer_phone": "13777777777", "dst_customer_credential_num": "777777777777777777", "dst_customer_address": "", "cargo_name": "98k", "cargo_num": 1, "cargo_volume": 0.1, "cargo_weight": 20.0, "cargo_price": 999, "cargo_handling_fee": 2, "fee": 50, "fee_type": 0, "customer_remark": "", "company_remark": "", "sign_for_customer_name": "芦苇", "sign_for_customer_credential_num": "777777777777777777", "status": 7, "drop_reason": "", "return_waybill": null, "cargo_price_payment": 6, "cargo_price_status": 2}}, {"model": "wuliu.waybill", "pk": 20, "fields": {"create_time": "2021-07-06T03:45:48.544Z", "arrival_time": "2021-08-31T07:30:31.879Z", "sign_for_time": "2021-09-09T03:25:53.131Z", "src_department": 16, "dst_department": 15, "src_customer": null, "src_customer_name": "刘三盆", "src_customer_phone": "19333333333", "src_customer_credential_num": "", "src_customer_address": "", "dst_customer": null, "dst_customer_name": "王二桶", "dst_customer_phone": "19222222222", "dst_customer_credential_num": "", "dst_customer_address": "", "cargo_name": "啤酒", "cargo_num": 10, "cargo_volume": 0.5, "cargo_weight": 100.0, "cargo_price": 999, "cargo_handling_fee": 2, "fee": 25, "fee_type": 0, "customer_remark": "", "company_remark": "", "sign_for_customer_name": "王二桶", "sign_for_customer_credential_num": "19222222222", "status": 7, "drop_reason": "", "return_waybill": null, "cargo_price_payment": null, "cargo_price_status": 1}}, {"model": "wuliu.waybill", "pk": 21, "fields": {"create_time": "2021-08-25T02:07:07.704Z", "arrival_time": "2021-08-31T07:30:31.879Z", "sign_for_time": null, "src_department": 16, "dst_department": 15, "src_customer": 3, "src_customer_name": "王五", "src_customer_phone": "13555555555", "src_customer_credential_num": "555555555555555555", "src_customer_address": "", "dst_customer": 5, "dst_customer_name": "王镜泽", "dst_customer_phone": "13888888888", "dst_customer_credential_num": "888888888888888888", "dst_customer_address": "", "cargo_name": "扬州炒饭", "cargo_num": 1, "cargo_volume": 0.1, "cargo_weight": 0.5, "cargo_price": 0, "cargo_handling_fee": 0, "fee": 5, "fee_type": 0, "customer_remark": "", "company_remark": "", "sign_for_customer_name": "", "sign_for_customer_credential_num": "", "status": 6, "drop_reason": "", "return_waybill": null, "cargo_price_payment": null, "cargo_price_status": 0}}, {"model": "wuliu.waybill", "pk": 22, "fields": {"create_time": "2021-09-02T03:28:10.866Z", "arrival_time": "2021-09-09T03:23:57.179Z", "sign_for_time": "2021-09-09T03:24:56.348Z", "src_department": 16, "dst_department": 15, "src_customer": 5, "src_customer_name": "王镜泽", "src_customer_phone": "13888888888", "src_customer_credential_num": "888888888888888888", "src_customer_address": "", "dst_customer": 7, "dst_customer_name": "马保国", "dst_customer_phone": "13999999999", "dst_customer_credential_num": "999999999999999999", "dst_customer_address": "", "cargo_name": "兰州炒饭", "cargo_num": 1, "cargo_volume": 0.1, "cargo_weight": 0.5, "cargo_price": 10, "cargo_handling_fee": 1, "fee": 5, "fee_type": 0, "customer_remark": "", "company_remark": "", "sign_for_customer_name": "马保国", "sign_for_customer_credential_num": "13999999999", "status": 7, "drop_reason": "", "return_waybill": null, "cargo_price_payment": null, "cargo_price_status": 1}}, {"model": "wuliu.waybill", "pk": 23, "fields": {"create_time": "2021-09-02T03:35:42.515Z", "arrival_time": "2021-09-09T03:23:57.179Z", "sign_for_time": "2021-10-19T07:47:52.819Z", "src_department": 16, "dst_department": 15, "src_customer": 3, "src_customer_name": "王五", "src_customer_phone": "13555555555", "src_customer_credential_num": "555555555555555555", "src_customer_address": "", "dst_customer": 6, "dst_customer_name": "芦苇", "dst_customer_phone": "13777777777", "dst_customer_credential_num": "777777777777777777", "dst_customer_address": "", "cargo_name": "128倍镜", "cargo_num": 1, "cargo_volume": 0.2, "cargo_weight": 10.0, "cargo_price": 4999, "cargo_handling_fee": 10, "fee": 50, "fee_type": 1, "customer_remark": "", "company_remark": "", "sign_for_customer_name": "芦苇", "sign_for_customer_credential_num": "13777777777", "status": 7, "drop_reason": "", "return_waybill": null, "cargo_price_payment": 8, "cargo_price_status": 2}}, {"model": "wuliu.waybill", "pk": 24, "fields": {"create_time": "2021-09-02T03:36:44.995Z", "arrival_time": "2021-09-09T03:23:57.179Z", "sign_for_time": null, "src_department": 16, "dst_department": 15, "src_customer": 2, "src_customer_name": "李四", "src_customer_phone": "13444444444", "src_customer_credential_num": "444444444444444444", "src_customer_address": "", "dst_customer": 8, "dst_customer_name": "岛市老八", "dst_customer_phone": "15888888888", "dst_customer_credential_num": "888888888888888888", "dst_customer_address": "", "cargo_name": "娃哈哈", "cargo_num": 3, "cargo_volume": 0.3, "cargo_weight": 30.0, "cargo_price": 399, "cargo_handling_fee": 1, "fee": 15, "fee_type": 2, "customer_remark": "", "company_remark": "", "sign_for_customer_name": "", "sign_for_customer_credential_num": "", "status": 6, "drop_reason": "", "return_waybill": null, "cargo_price_payment": null, "cargo_price_status": 1}}, {"model": "wuliu.waybill", "pk": 25, "fields": {"create_time": "2021-09-07T13:06:51.507Z", "arrival_time": "2021-09-07T13:14:40.679Z", "sign_for_time": null, "src_department": 15, "dst_department": 16, "src_customer": 1, "src_customer_name": "张三", "src_customer_phone": "13333333333", "src_customer_credential_num": "333333333333333333", "src_customer_address": "", "dst_customer": 5, "dst_customer_name": "王镜泽", "dst_customer_phone": "13888888888", "dst_customer_credential_num": "888888888888888888", "dst_customer_address": "", "cargo_name": "火腿肠炒饭", "cargo_num": 1, "cargo_volume": 0.1, "cargo_weight": 0.5, "cargo_price": 0, "cargo_handling_fee": 0, "fee": 5, "fee_type": 0, "customer_remark": "", "company_remark": "", "sign_for_customer_name": "", "sign_for_customer_credential_num": "", "status": 8, "drop_reason": "", "return_waybill": null, "cargo_price_payment": null, "cargo_price_status": 0}}, {"model": "wuliu.waybill", "pk": 26, "fields": {"create_time": "2021-09-07T13:08:00.179Z", "arrival_time": null, "sign_for_time": null, "src_department": 15, "dst_department": 16, "src_customer": 1, "src_customer_name": "张三", "src_customer_phone": "13333333333", "src_customer_credential_num": "333333333333333333", "src_customer_address": "", "dst_customer": 7, "dst_customer_name": "马保国", "dst_customer_phone": "13999999999", "dst_customer_credential_num": "999999999999999999", "dst_customer_address": "", "cargo_name": "闪电鞭", "cargo_num": 2, "cargo_volume": 0.2, "cargo_weight": 6.0, "cargo_price": 399, "cargo_handling_fee": 1, "fee": 10, "fee_type": 2, "customer_remark": "", "company_remark": "", "sign_for_customer_name": "", "sign_for_customer_credential_num": "", "status": 9, "drop_reason": "开错票", "return_waybill": null, "cargo_price_payment": null, "cargo_price_status": 1}}, {"model": "wuliu.waybill", "pk": 27, "fields": {"create_time": "2021-09-07T13:18:56.021Z", "arrival_time": "2021-09-09T03:23:57.179Z", "sign_for_time": null, "src_department": 16, "dst_department": 15, "src_customer": 5, "src_customer_name": "王镜泽", "src_customer_phone": "13888888888", "src_customer_credential_num": "888888888888888888", "src_customer_address": "", "dst_customer": 1, "dst_customer_name": "张三", "dst_customer_phone": "13333333333", "dst_customer_credential_num": "333333333333333333", "dst_customer_address": "", "cargo_name": "火腿肠炒饭", "cargo_num": 1, "cargo_volume": 0.1, "cargo_weight": 0.5, "cargo_price": 0, "cargo_handling_fee": 0, "fee": 10, "fee_type": 0, "customer_remark": "", "company_remark": "", "sign_for_customer_name": "", "sign_for_customer_credential_num": "", "status": 6, "drop_reason": "", "return_waybill": 25, "cargo_price_payment": null, "cargo_price_status": 0}}, {"model": "wuliu.waybill", "pk": 28, "fields": {"create_time": "2021-09-07T13:42:38.602Z", "arrival_time": null, "sign_for_time": null, "src_department": 15, "dst_department": 16, "src_customer": 7, "src_customer_name": "马保国", "src_customer_phone": "13999999999", "src_customer_credential_num": "999999999999999999", "src_customer_address": "", "dst_customer": 3, "dst_customer_name": "王五", "dst_customer_phone": "13555555555", "dst_customer_credential_num": "555555555555555555", "dst_customer_address": "", "cargo_name": "闪电鞭", "cargo_num": 2, "cargo_volume": 0.1, "cargo_weight": 10.0, "cargo_price": 0, "cargo_handling_fee": 0, "fee": 20, "fee_type": 0, "customer_remark": "", "company_remark": "", "sign_for_customer_name": "", "sign_for_customer_credential_num": "", "status": 1, "drop_reason": "", "return_waybill": 15, "cargo_price_payment": null, "cargo_price_status": 0}}, {"model": "wuliu.waybill", "pk": 29, "fields": {"create_time": "2021-09-09T03:22:02.073Z", "arrival_time": "2021-09-09T03:23:57.179Z", "sign_for_time": "2021-10-19T07:47:52.819Z", "src_department": 16, "dst_department": 15, "src_customer": 3, "src_customer_name": "王五", "src_customer_phone": "13555555555", "src_customer_credential_num": "555555555555555555", "src_customer_address": "", "dst_customer": 6, "dst_customer_name": "芦苇", "dst_customer_phone": "13777777777", "dst_customer_credential_num": "777777777777777777", "dst_customer_address": "", "cargo_name": "天文望远镜", "cargo_num": 1, "cargo_volume": 0.5, "cargo_weight": 50.0, "cargo_price": 9999, "cargo_handling_fee": 20, "fee": 15, "fee_type": 2, "customer_remark": "", "company_remark": "", "sign_for_customer_name": "芦苇", "sign_for_customer_credential_num": "13777777777", "status": 7, "drop_reason": "", "return_waybill": null, "cargo_price_payment": 8, "cargo_price_status": 2}}, {"model": "wuliu.waybill", "pk": 30, "fields": {"create_time": "2021-10-08T08:10:35.587Z", "arrival_time": "2021-10-19T07:40:47.455Z", "sign_for_time": "2021-10-19T07:45:54.360Z", "src_department": 16, "dst_department": 15, "src_customer": 1, "src_customer_name": "张三", "src_customer_phone": "13333333333", "src_customer_credential_num": "333333333333333333", "src_customer_address": "", "dst_customer": 2, "dst_customer_name": "李四", "dst_customer_phone": "13444444444", "dst_customer_credential_num": "444444444444444444", "dst_customer_address": "", "cargo_name": "789", "cargo_num": 22, "cargo_volume": 23.0, "cargo_weight": 265.0, "cargo_price": 1523, "cargo_handling_fee": 4, "fee": 3047, "fee_type": 1, "customer_remark": "", "company_remark": "", "sign_for_customer_name": "李四", "sign_for_customer_credential_num": "13444444444", "status": 7, "drop_reason": "", "return_waybill": null, "cargo_price_payment": null, "cargo_price_status": 1}}, {"model": "wuliu.waybill", "pk": 31, "fields": {"create_time": "2021-10-19T07:00:13.173Z", "arrival_time": "2021-10-19T07:40:47.455Z", "sign_for_time": "2021-10-19T07:45:54.360Z", "src_department": 16, "dst_department": 15, "src_customer": 8, "src_customer_name": "岛市老八", "src_customer_phone": "15888888888", "src_customer_credential_num": "888888888888888888", "src_customer_address": "", "dst_customer": 2, "dst_customer_name": "李四", "dst_customer_phone": "13444444444", "dst_customer_credential_num": "444444444444444444", "dst_customer_address": "", "cargo_name": "奥力给", "cargo_num": 3, "cargo_volume": 1.0, "cargo_weight": 10.0, "cargo_price": 0, "cargo_handling_fee": 0, "fee": 5, "fee_type": 0, "customer_remark": "", "company_remark": "", "sign_for_customer_name": "李四", "sign_for_customer_credential_num": "13444444444", "status": 7, "drop_reason": "", "return_waybill": null, "cargo_price_payment": null, "cargo_price_status": 0}}, {"model": "wuliu.waybill", "pk": 32, "fields": {"create_time": "2021-10-19T07:01:07.794Z", "arrival_time": "2021-10-19T07:40:47.455Z", "sign_for_time": "2021-11-08T03:01:24.161Z", "src_department": 16, "dst_department": 15, "src_customer": 8, "src_customer_name": "岛市老八", "src_customer_phone": "15888888888", "src_customer_credential_num": "888888888888888888", "src_customer_address": "", "dst_customer": 3, "dst_customer_name": "王五", "dst_customer_phone": "13555555555", "dst_customer_credential_num": "555555555555555555", "dst_customer_address": "", "cargo_name": "秘制小汉堡", "cargo_num": 5, "cargo_volume": 0.5, "cargo_weight": 2.5, "cargo_price": 25, "cargo_handling_fee": 1, "fee": 2, "fee_type": 1, "customer_remark": "", "company_remark": "", "sign_for_customer_name": "王五", "sign_for_customer_credential_num": "13555555555", "status": 7, "drop_reason": "", "return_waybill": null, "cargo_price_payment": null, "cargo_price_status": 1}}, {"model": "wuliu.waybill", "pk": 33, "fields": {"create_time": "2021-10-29T03:40:28.724Z", "arrival_time": "2021-11-08T02:26:09.522Z", "sign_for_time": null, "src_department": 16, "dst_department": 15, "src_customer": null, "src_customer_name": "王二桶", "src_customer_phone": "18222222222", "src_customer_credential_num": "", "src_customer_address": "", "dst_customer": null, "dst_customer_name": "张一缸", "dst_customer_phone": "18111111111", "dst_customer_credential_num": "", "dst_customer_address": "", "cargo_name": "啤酒", "cargo_num": 20, "cargo_volume": 2.0, "cargo_weight": 500.0, "cargo_price": 499, "cargo_handling_fee": 0, "fee": 11, "fee_type": 0, "customer_remark": "", "company_remark": "", "sign_for_customer_name": "", "sign_for_customer_credential_num": "", "status": 6, "drop_reason": "", "return_waybill": null, "cargo_price_payment": null, "cargo_price_status": 1}}, {"model": "wuliu.waybill", "pk": 34, "fields": {"create_time": "2021-10-29T05:10:44.353Z", "arrival_time": "2021-11-08T02:26:09.522Z", "sign_for_time": null, "src_department": 16, "dst_department": 15, "src_customer": null, "src_customer_name": "1", "src_customer_phone": "2", "src_customer_credential_num": "", "src_customer_address": "", "dst_customer": null, "dst_customer_name": "3", "dst_customer_phone": "4", "dst_customer_credential_num": "", "dst_customer_address": "", "cargo_name": "5", "cargo_num": 6, "cargo_volume": 7.0, "cargo_weight": 8.0, "cargo_price": 0, "cargo_handling_fee": 0, "fee": 11, "fee_type": 0, "customer_remark": "", "company_remark": "", "sign_for_customer_name": "", "sign_for_customer_credential_num": "", "status": 8, "drop_reason": "", "return_waybill": null, "cargo_price_payment": null, "cargo_price_status": 0}}, {"model": "wuliu.waybill", "pk": 35, "fields": {"create_time": "2021-10-29T05:25:35.318Z", "arrival_time": null, "sign_for_time": null, "src_department": 16, "dst_department": 15, "src_customer": null, "src_customer_name": "2", "src_customer_phone": "3", "src_customer_credential_num": "", "src_customer_address": "", "dst_customer": null, "dst_customer_name": "4", "dst_customer_phone": "5", "dst_customer_credential_num": "", "dst_customer_address": "", "cargo_name": "6", "cargo_num": 7, "cargo_volume": 8.0, "cargo_weight": 9.0, "cargo_price": 10, "cargo_handling_fee": 1, "fee": 11, "fee_type": 0, "customer_remark": "", "company_remark": "", "sign_for_customer_name": "", "sign_for_customer_credential_num": "", "status": 9, "drop_reason": "测试", "return_waybill": null, "cargo_price_payment": null, "cargo_price_status": 1}}, {"model": "wuliu.waybill", "pk": 36, "fields": {"create_time": "2021-11-08T03:11:44.206Z", "arrival_time": null, "sign_for_time": null, "src_department": 15, "dst_department": 16, "src_customer": null, "src_customer_name": "3", "src_customer_phone": "4", "src_customer_credential_num": "", "src_customer_address": "", "dst_customer": null, "dst_customer_name": "1", "dst_customer_phone": "2", "dst_customer_credential_num": "", "dst_customer_address": "", "cargo_name": "5", "cargo_num": 6, "cargo_volume": 7.0, "cargo_weight": 8.0, "cargo_price": 0, "cargo_handling_fee": 0, "fee": 22, "fee_type": 0, "customer_remark": "", "company_remark": "", "sign_for_customer_name": "", "sign_for_customer_credential_num": "", "status": 0, "drop_reason": "", "return_waybill": 34, "cargo_price_payment": null, "cargo_price_status": 0}}, {"model": "wuliu.truck", "pk": 1, "fields": {"number_plate": "豫A00000", "driver_name": "小赵", "driver_phone": "13000000000", "enabled": true, "create_time": "2021-05-23T13:38:04.063Z"}}, {"model": "wuliu.truck", "pk": 2, "fields": {"number_plate": "豫A12345", "driver_name": "小孙", "driver_phone": "13111111111", "enabled": true, "create_time": "2021-05-23T13:41:16.823Z"}}, {"model": "wuliu.truck", "pk": 3, "fields": {"number_plate": "豫A67890", "driver_name": "二蛋", "driver_phone": "13222222222", "enabled": true, "create_time": "2021-05-23T13:41:34.550Z"}}, {"model": "wuliu.transportout", "pk": 1, "fields": {"truck": 1, "driver_name": "小赵", "driver_phone": "13000000000", "create_time": "2021-05-30T12:46:36.015Z", "start_time": "2021-05-30T12:46:41.544Z", "end_time": "2021-05-30T12:47:30.848Z", "src_department": 16, "dst_department": 13, "status": 2, "waybills": [1, 2]}}, {"model": "wuliu.transportout", "pk": 2, "fields": {"truck": 2, "driver_name": "小孙", "driver_phone": "13111111111", "create_time": "2021-05-30T12:48:12.830Z", "start_time": "2021-05-30T12:48:17.327Z", "end_time": "2021-05-30T12:48:37.007Z", "src_department": 13, "dst_department": 15, "status": 2, "waybills": [1, 2]}}, {"model": "wuliu.transportout", "pk": 4, "fields": {"truck": 1, "driver_name": "小赵", "driver_phone": "13000000000", "create_time": "2021-05-30T12:51:48.865Z", "start_time": "2021-05-30T12:52:04.559Z", "end_time": "2021-06-02T03:08:35.297Z", "src_department": 16, "dst_department": 13, "status": 2, "waybills": [3, 4, 5]}}, {"model": "wuliu.transportout", "pk": 5, "fields": {"truck": 1, "driver_name": "小赵", "driver_phone": "13000000000", "create_time": "2021-06-01T09:04:40.023Z", "start_time": "2021-06-01T09:04:43.535Z", "end_time": "2021-06-05T09:42:30.145Z", "src_department": 16, "dst_department": 13, "status": 2, "waybills": [6, 7]}}, {"model": "wuliu.transportout", "pk": 6, "fields": {"truck": 2, "driver_name": "小孙", "driver_phone": "13111111111", "create_time": "2021-06-02T03:23:22.130Z", "start_time": "2021-06-02T03:23:27.304Z", "end_time": "2021-06-02T03:26:29.530Z", "src_department": 13, "dst_department": 15, "status": 2, "waybills": [3, 4, 5]}}, {"model": "wuliu.transportout", "pk": 7, "fields": {"truck": 3, "driver_name": "二蛋", "driver_phone": "13222222222", "create_time": "2021-06-04T03:34:36.038Z", "start_time": "2021-06-04T03:34:44.275Z", "end_time": "2021-06-04T03:35:01.661Z", "src_department": 15, "dst_department": 13, "status": 2, "waybills": [8, 9, 10]}}, {"model": "wuliu.transportout", "pk": 8, "fields": {"truck": 1, "driver_name": "小赵", "driver_phone": "13000000000", "create_time": "2021-06-05T08:18:37.234Z", "start_time": "2021-06-05T08:18:41.417Z", "end_time": "2021-06-05T09:42:40.425Z", "src_department": 16, "dst_department": 13, "status": 2, "waybills": [11, 12, 13]}}, {"model": "wuliu.transportout", "pk": 9, "fields": {"truck": 2, "driver_name": "小孙", "driver_phone": "13111111111", "create_time": "2021-06-05T09:43:12.698Z", "start_time": "2021-06-05T09:43:18.313Z", "end_time": "2021-06-07T03:30:51.384Z", "src_department": 13, "dst_department": 15, "status": 2, "waybills": [6, 7, 11, 12, 13]}}, {"model": "wuliu.transportout", "pk": 10, "fields": {"truck": 1, "driver_name": "小赵", "driver_phone": "13000000000", "create_time": "2021-06-07T03:29:22.110Z", "start_time": "2021-06-07T03:29:26.520Z", "end_time": "2021-07-06T01:55:18.377Z", "src_department": 16, "dst_department": 13, "status": 2, "waybills": [14, 15]}}, {"model": "wuliu.transportout", "pk": 11, "fields": {"truck": 1, "driver_name": "小赵", "driver_phone": "13000000000", "create_time": "2021-06-10T02:40:16.739Z", "start_time": "2021-06-10T02:40:21.481Z", "end_time": "2021-07-06T01:55:40.945Z", "src_department": 16, "dst_department": 13, "status": 2, "waybills": [16, 17, 18]}}, {"model": "wuliu.transportout", "pk": 12, "fields": {"truck": 1, "driver_name": "小赵", "driver_phone": "13000000000", "create_time": "2021-06-17T02:13:13.921Z", "start_time": "2021-07-06T01:55:03.946Z", "end_time": "2021-07-06T08:08:31.093Z", "src_department": 13, "dst_department": 16, "status": 2, "waybills": [8, 9, 10]}}, {"model": "wuliu.transportout", "pk": 13, "fields": {"truck": 1, "driver_name": "小赵", "driver_phone": "13000000000", "create_time": "2021-07-03T10:41:24.881Z", "start_time": "2021-07-03T10:41:29.226Z", "end_time": "2021-07-06T01:55:48.824Z", "src_department": 16, "dst_department": 13, "status": 2, "waybills": [19]}}, {"model": "wuliu.transportout", "pk": 14, "fields": {"truck": 2, "driver_name": "小孙", "driver_phone": "13111111111", "create_time": "2021-07-06T01:56:10.827Z", "start_time": "2021-07-06T01:56:15.834Z", "end_time": "2021-07-06T01:57:04.226Z", "src_department": 13, "dst_department": 15, "status": 2, "waybills": [14, 15, 16, 17, 18, 19]}}, {"model": "wuliu.transportout", "pk": 15, "fields": {"truck": 1, "driver_name": "小赵", "driver_phone": "13000000000", "create_time": "2021-07-07T01:25:05.789Z", "start_time": "2021-08-25T02:07:41.043Z", "end_time": "2021-08-25T02:38:21.316Z", "src_department": 16, "dst_department": 13, "status": 2, "waybills": [20, 21]}}, {"model": "wuliu.transportout", "pk": 16, "fields": {"truck": 2, "driver_name": "小孙", "driver_phone": "13111111111", "create_time": "2021-08-25T02:38:46.325Z", "start_time": "2021-08-25T02:38:58.820Z", "end_time": "2021-08-31T07:30:31.879Z", "src_department": 13, "dst_department": 15, "status": 2, "waybills": [20, 21]}}, {"model": "wuliu.transportout", "pk": 17, "fields": {"truck": 1, "driver_name": "小赵", "driver_phone": "13000000000", "create_time": "2021-09-02T03:29:32.447Z", "start_time": "2021-09-02T03:37:05.124Z", "end_time": "2021-09-07T13:12:10.064Z", "src_department": 16, "dst_department": 13, "status": 2, "waybills": [22, 23, 24]}}, {"model": "wuliu.transportout", "pk": 18, "fields": {"truck": 2, "driver_name": "小孙", "driver_phone": "13111111111", "create_time": "2021-09-07T13:10:08.713Z", "start_time": "2021-09-07T13:10:13.545Z", "end_time": "2021-09-07T13:12:16.807Z", "src_department": 15, "dst_department": 13, "status": 2, "waybills": [25]}}, {"model": "wuliu.transportout", "pk": 19, "fields": {"truck": 3, "driver_name": "二蛋", "driver_phone": "13222222222", "create_time": "2021-09-07T13:12:46.776Z", "start_time": "2021-09-07T13:12:51.671Z", "end_time": "2021-09-07T13:14:40.679Z", "src_department": 13, "dst_department": 16, "status": 2, "waybills": [25]}}, {"model": "wuliu.transportout", "pk": 20, "fields": {"truck": 1, "driver_name": "小赵", "driver_phone": "13000000000", "create_time": "2021-09-09T03:22:21.245Z", "start_time": "2021-09-09T03:22:34.284Z", "end_time": "2021-09-09T03:23:11.908Z", "src_department": 16, "dst_department": 13, "status": 2, "waybills": [27, 29]}}, {"model": "wuliu.transportout", "pk": 21, "fields": {"truck": 2, "driver_name": "小孙", "driver_phone": "13111111111", "create_time": "2021-09-09T03:23:33.389Z", "start_time": "2021-09-09T03:23:37.684Z", "end_time": "2021-09-09T03:23:57.179Z", "src_department": 13, "dst_department": 15, "status": 2, "waybills": [22, 23, 24, 27, 29]}}, {"model": "wuliu.transportout", "pk": 22, "fields": {"truck": 1, "driver_name": "小赵", "driver_phone": "13000000000", "create_time": "2021-10-08T08:12:33.378Z", "start_time": "2021-10-08T08:12:47.661Z", "end_time": "2021-10-19T07:35:35.066Z", "src_department": 16, "dst_department": 13, "status": 2, "waybills": [30]}}, {"model": "wuliu.transportout", "pk": 23, "fields": {"truck": 1, "driver_name": "小赵", "driver_phone": "13000000000", "create_time": "2021-10-19T07:34:37.333Z", "start_time": "2021-10-19T07:34:43.951Z", "end_time": "2021-10-19T07:35:22.644Z", "src_department": 16, "dst_department": 13, "status": 2, "waybills": [31, 32]}}, {"model": "wuliu.transportout", "pk": 24, "fields": {"truck": 2, "driver_name": "小孙", "driver_phone": "13111111111", "create_time": "2021-10-19T07:35:54.725Z", "start_time": "2021-10-19T07:35:59.201Z", "end_time": "2021-10-19T07:40:47.455Z", "src_department": 13, "dst_department": 15, "status": 2, "waybills": [30, 31, 32]}}, {"model": "wuliu.transportout", "pk": 27, "fields": {"truck": 3, "driver_name": "二蛋", "driver_phone": "13222222222", "create_time": "2021-10-21T10:07:04.404Z", "start_time": null, "end_time": null, "src_department": 15, "dst_department": 13, "status": 0, "waybills": [28]}}, {"model": "wuliu.transportout", "pk": 28, "fields": {"truck": 1, "driver_name": "小赵", "driver_phone": "13000000000", "create_time": "2021-11-02T02:53:21.372Z", "start_time": "2021-11-02T08:21:37.816Z", "end_time": "2021-11-02T08:21:40.688Z", "src_department": 16, "dst_department": 13, "status": 2, "waybills": [33, 34]}}, {"model": "wuliu.transportout", "pk": 29, "fields": {"truck": 2, "driver_name": "小孙", "driver_phone": "13111111111", "create_time": "2021-11-08T02:20:30.645Z", "start_time": "2021-11-08T02:24:00.570Z", "end_time": "2021-11-08T02:26:09.522Z", "src_department": 13, "dst_department": 15, "status": 2, "waybills": [33, 34]}}, {"model": "wuliu.transportout", "pk": 30, "fields": {"truck": 1, "driver_name": "小赵", "driver_phone": "13000000000", "create_time": "2021-11-13T02:08:38.512Z", "start_time": null, "end_time": null, "src_department": 16, "dst_department": 13, "status": 0, "waybills": []}}, {"model": "wuliu.transportout", "pk": 31, "fields": {"truck": 2, "driver_name": "小孙", "driver_phone": "13111111111", "create_time": "2021-11-13T02:09:32.280Z", "start_time": null, "end_time": null, "src_department": 13, "dst_department": 15, "status": 0, "waybills": []}}, {"model": "wuliu.waybillrouting", "pk": 1, "fields": {"waybill": 1, "time": "2021-05-29T01:09:50.037Z", "operation_type": 0, "operation_dept": 16, "operation_user": 2, "operation_info": {}}}, {"model": "wuliu.waybillrouting", "pk": 2, "fields": {"waybill": 2, "time": "2021-05-29T01:10:23.356Z", "operation_type": 0, "operation_dept": 16, "operation_user": 2, "operation_info": {}}}, {"model": "wuliu.waybillrouting", "pk": 3, "fields": {"waybill": 3, "time": "2021-05-29T01:10:53.490Z", "operation_type": 0, "operation_dept": 16, "operation_user": 2, "operation_info": {}}}, {"model": "wuliu.waybillrouting", "pk": 4, "fields": {"waybill": 4, "time": "2021-05-29T01:12:30.298Z", "operation_type": 0, "operation_dept": 16, "operation_user": 2, "operation_info": {}}}, {"model": "wuliu.waybillrouting", "pk": 5, "fields": {"waybill": 5, "time": "2021-05-29T01:13:21.449Z", "operation_type": 0, "operation_dept": 16, "operation_user": 2, "operation_info": {}}}, {"model": "wuliu.waybillrouting", "pk": 6, "fields": {"waybill": 1, "time": "2021-05-30T12:46:41.544Z", "operation_type": 2, "operation_dept": 16, "operation_user": 2, "operation_info": {"transport_out_id": 1}}}, {"model": "wuliu.waybillrouting", "pk": 7, "fields": {"waybill": 2, "time": "2021-05-30T12:46:41.544Z", "operation_type": 2, "operation_dept": 16, "operation_user": 2, "operation_info": {"transport_out_id": 1}}}, {"model": "wuliu.waybillrouting", "pk": 8, "fields": {"waybill": 1, "time": "2021-05-30T12:47:30.848Z", "operation_type": 3, "operation_dept": 13, "operation_user": 5, "operation_info": {}}}, {"model": "wuliu.waybillrouting", "pk": 9, "fields": {"waybill": 2, "time": "2021-05-30T12:47:30.848Z", "operation_type": 3, "operation_dept": 13, "operation_user": 5, "operation_info": {}}}, {"model": "wuliu.waybillrouting", "pk": 10, "fields": {"waybill": 1, "time": "2021-05-30T12:48:17.327Z", "operation_type": 5, "operation_dept": 13, "operation_user": 5, "operation_info": {"transport_out_id": 2}}}, {"model": "wuliu.waybillrouting", "pk": 11, "fields": {"waybill": 2, "time": "2021-05-30T12:48:17.327Z", "operation_type": 5, "operation_dept": 13, "operation_user": 5, "operation_info": {"transport_out_id": 2}}}, {"model": "wuliu.waybillrouting", "pk": 12, "fields": {"waybill": 1, "time": "2021-05-30T12:48:37.007Z", "operation_type": 6, "operation_dept": 15, "operation_user": 1, "operation_info": {}}}, {"model": "wuliu.waybillrouting", "pk": 13, "fields": {"waybill": 2, "time": "2021-05-30T12:48:37.007Z", "operation_type": 6, "operation_dept": 15, "operation_user": 1, "operation_info": {}}}, {"model": "wuliu.waybillrouting", "pk": 14, "fields": {"waybill": 3, "time": "2021-05-30T12:52:04.559Z", "operation_type": 2, "operation_dept": 16, "operation_user": 2, "operation_info": {"transport_out_id": 4}}}, {"model": "wuliu.waybillrouting", "pk": 15, "fields": {"waybill": 4, "time": "2021-05-30T12:52:04.559Z", "operation_type": 2, "operation_dept": 16, "operation_user": 2, "operation_info": {"transport_out_id": 4}}}, {"model": "wuliu.waybillrouting", "pk": 16, "fields": {"waybill": 5, "time": "2021-05-30T12:52:04.559Z", "operation_type": 2, "operation_dept": 16, "operation_user": 2, "operation_info": {"transport_out_id": 4}}}, {"model": "wuliu.waybillrouting", "pk": 17, "fields": {"waybill": 6, "time": "2021-05-30T14:52:12.984Z", "operation_type": 0, "operation_dept": 16, "operation_user": 2, "operation_info": {}}}, {"model": "wuliu.waybillrouting", "pk": 18, "fields": {"waybill": 1, "time": "2021-05-31T09:00:18.350Z", "operation_type": 7, "operation_dept": 15, "operation_user": 1, "operation_info": {}}}, {"model": "wuliu.waybillrouting", "pk": 19, "fields": {"waybill": 7, "time": "2021-06-01T09:04:26.310Z", "operation_type": 0, "operation_dept": 16, "operation_user": 2, "operation_info": {}}}, {"model": "wuliu.waybillrouting", "pk": 20, "fields": {"waybill": 6, "time": "2021-06-01T09:04:43.535Z", "operation_type": 2, "operation_dept": 16, "operation_user": 2, "operation_info": {"transport_out_id": 5}}}, {"model": "wuliu.waybillrouting", "pk": 21, "fields": {"waybill": 7, "time": "2021-06-01T09:04:43.535Z", "operation_type": 2, "operation_dept": 16, "operation_user": 2, "operation_info": {"transport_out_id": 5}}}, {"model": "wuliu.waybillrouting", "pk": 22, "fields": {"waybill": 3, "time": "2021-06-02T03:08:35.297Z", "operation_type": 3, "operation_dept": 13, "operation_user": 5, "operation_info": {}}}, {"model": "wuliu.waybillrouting", "pk": 23, "fields": {"waybill": 4, "time": "2021-06-02T03:08:35.297Z", "operation_type": 3, "operation_dept": 13, "operation_user": 5, "operation_info": {}}}, {"model": "wuliu.waybillrouting", "pk": 24, "fields": {"waybill": 5, "time": "2021-06-02T03:08:35.297Z", "operation_type": 3, "operation_dept": 13, "operation_user": 5, "operation_info": {}}}, {"model": "wuliu.waybillrouting", "pk": 25, "fields": {"waybill": 3, "time": "2021-06-02T03:23:27.304Z", "operation_type": 5, "operation_dept": 13, "operation_user": 5, "operation_info": {"transport_out_id": 6}}}, {"model": "wuliu.waybillrouting", "pk": 26, "fields": {"waybill": 4, "time": "2021-06-02T03:23:27.304Z", "operation_type": 5, "operation_dept": 13, "operation_user": 5, "operation_info": {"transport_out_id": 6}}}, {"model": "wuliu.waybillrouting", "pk": 27, "fields": {"waybill": 5, "time": "2021-06-02T03:23:27.304Z", "operation_type": 5, "operation_dept": 13, "operation_user": 5, "operation_info": {"transport_out_id": 6}}}, {"model": "wuliu.waybillrouting", "pk": 28, "fields": {"waybill": 3, "time": "2021-06-02T03:26:29.530Z", "operation_type": 6, "operation_dept": 15, "operation_user": 1, "operation_info": {}}}, {"model": "wuliu.waybillrouting", "pk": 29, "fields": {"waybill": 4, "time": "2021-06-02T03:26:29.530Z", "operation_type": 6, "operation_dept": 15, "operation_user": 1, "operation_info": {}}}, {"model": "wuliu.waybillrouting", "pk": 30, "fields": {"waybill": 5, "time": "2021-06-02T03:26:29.530Z", "operation_type": 6, "operation_dept": 15, "operation_user": 1, "operation_info": {}}}, {"model": "wuliu.waybillrouting", "pk": 31, "fields": {"waybill": 2, "time": "2021-06-04T03:22:22.989Z", "operation_type": 7, "operation_dept": 15, "operation_user": 1, "operation_info": {}}}, {"model": "wuliu.waybillrouting", "pk": 32, "fields": {"waybill": 8, "time": "2021-06-04T03:25:57.022Z", "operation_type": 0, "operation_dept": 15, "operation_user": 1, "operation_info": {"return_reason": "不香"}}}, {"model": "wuliu.waybillrouting", "pk": 33, "fields": {"waybill": 3, "time": "2021-06-04T03:25:57.022Z", "operation_type": 8, "operation_dept": 15, "operation_user": 1, "operation_info": {"return_reason": "不香", "return_waybill_id": 8}}}, {"model": "wuliu.waybillrouting", "pk": 34, "fields": {"waybill": 5, "time": "2021-06-04T03:27:55.523Z", "operation_type": 7, "operation_dept": 15, "operation_user": 1, "operation_info": {}}}, {"model": "wuliu.waybillrouting", "pk": 35, "fields": {"waybill": 9, "time": "2021-06-04T03:31:19.877Z", "operation_type": 0, "operation_dept": 15, "operation_user": 1, "operation_info": {}}}, {"model": "wuliu.waybillrouting", "pk": 36, "fields": {"waybill": 10, "time": "2021-06-04T03:34:11.995Z", "operation_type": 0, "operation_dept": 15, "operation_user": 1, "operation_info": {}}}, {"model": "wuliu.waybillrouting", "pk": 37, "fields": {"waybill": 8, "time": "2021-06-04T03:34:44.275Z", "operation_type": 2, "operation_dept": 15, "operation_user": 1, "operation_info": {"transport_out_id": 7}}}, {"model": "wuliu.waybillrouting", "pk": 38, "fields": {"waybill": 9, "time": "2021-06-04T03:34:44.275Z", "operation_type": 2, "operation_dept": 15, "operation_user": 1, "operation_info": {"transport_out_id": 7}}}, {"model": "wuliu.waybillrouting", "pk": 39, "fields": {"waybill": 10, "time": "2021-06-04T03:34:44.275Z", "operation_type": 2, "operation_dept": 15, "operation_user": 1, "operation_info": {"transport_out_id": 7}}}, {"model": "wuliu.waybillrouting", "pk": 40, "fields": {"waybill": 8, "time": "2021-06-04T03:35:01.661Z", "operation_type": 3, "operation_dept": 13, "operation_user": 6, "operation_info": {}}}, {"model": "wuliu.waybillrouting", "pk": 41, "fields": {"waybill": 9, "time": "2021-06-04T03:35:01.661Z", "operation_type": 3, "operation_dept": 13, "operation_user": 6, "operation_info": {}}}, {"model": "wuliu.waybillrouting", "pk": 42, "fields": {"waybill": 10, "time": "2021-06-04T03:35:01.661Z", "operation_type": 3, "operation_dept": 13, "operation_user": 6, "operation_info": {}}}, {"model": "wuliu.waybillrouting", "pk": 43, "fields": {"waybill": 11, "time": "2021-06-05T08:16:39.139Z", "operation_type": 0, "operation_dept": 16, "operation_user": 2, "operation_info": {}}}, {"model": "wuliu.waybillrouting", "pk": 44, "fields": {"waybill": 12, "time": "2021-06-05T08:17:09.737Z", "operation_type": 0, "operation_dept": 16, "operation_user": 2, "operation_info": {}}}, {"model": "wuliu.waybillrouting", "pk": 45, "fields": {"waybill": 13, "time": "2021-06-05T08:18:10.697Z", "operation_type": 0, "operation_dept": 16, "operation_user": 2, "operation_info": {}}}, {"model": "wuliu.waybillrouting", "pk": 46, "fields": {"waybill": 11, "time": "2021-06-05T08:18:41.417Z", "operation_type": 2, "operation_dept": 16, "operation_user": 2, "operation_info": {"transport_out_id": 8}}}, {"model": "wuliu.waybillrouting", "pk": 47, "fields": {"waybill": 12, "time": "2021-06-05T08:18:41.417Z", "operation_type": 2, "operation_dept": 16, "operation_user": 2, "operation_info": {"transport_out_id": 8}}}, {"model": "wuliu.waybillrouting", "pk": 48, "fields": {"waybill": 13, "time": "2021-06-05T08:18:41.417Z", "operation_type": 2, "operation_dept": 16, "operation_user": 2, "operation_info": {"transport_out_id": 8}}}, {"model": "wuliu.waybillrouting", "pk": 49, "fields": {"waybill": 14, "time": "2021-06-05T09:40:37.890Z", "operation_type": 0, "operation_dept": 16, "operation_user": 2, "operation_info": {}}}, {"model": "wuliu.waybillrouting", "pk": 50, "fields": {"waybill": 6, "time": "2021-06-05T09:42:30.145Z", "operation_type": 3, "operation_dept": 13, "operation_user": 5, "operation_info": {}}}, {"model": "wuliu.waybillrouting", "pk": 51, "fields": {"waybill": 7, "time": "2021-06-05T09:42:30.145Z", "operation_type": 3, "operation_dept": 13, "operation_user": 5, "operation_info": {}}}, {"model": "wuliu.waybillrouting", "pk": 52, "fields": {"waybill": 11, "time": "2021-06-05T09:42:40.425Z", "operation_type": 3, "operation_dept": 13, "operation_user": 5, "operation_info": {}}}, {"model": "wuliu.waybillrouting", "pk": 53, "fields": {"waybill": 12, "time": "2021-06-05T09:42:40.425Z", "operation_type": 3, "operation_dept": 13, "operation_user": 5, "operation_info": {}}}, {"model": "wuliu.waybillrouting", "pk": 54, "fields": {"waybill": 13, "time": "2021-06-05T09:42:40.425Z", "operation_type": 3, "operation_dept": 13, "operation_user": 5, "operation_info": {}}}, {"model": "wuliu.waybillrouting", "pk": 55, "fields": {"waybill": 6, "time": "2021-06-05T09:43:18.313Z", "operation_type": 5, "operation_dept": 13, "operation_user": 5, "operation_info": {"transport_out_id": 9}}}, {"model": "wuliu.waybillrouting", "pk": 56, "fields": {"waybill": 7, "time": "2021-06-05T09:43:18.313Z", "operation_type": 5, "operation_dept": 13, "operation_user": 5, "operation_info": {"transport_out_id": 9}}}, {"model": "wuliu.waybillrouting", "pk": 57, "fields": {"waybill": 11, "time": "2021-06-05T09:43:18.313Z", "operation_type": 5, "operation_dept": 13, "operation_user": 5, "operation_info": {"transport_out_id": 9}}}, {"model": "wuliu.waybillrouting", "pk": 58, "fields": {"waybill": 12, "time": "2021-06-05T09:43:18.313Z", "operation_type": 5, "operation_dept": 13, "operation_user": 5, "operation_info": {"transport_out_id": 9}}}, {"model": "wuliu.waybillrouting", "pk": 59, "fields": {"waybill": 13, "time": "2021-06-05T09:43:18.313Z", "operation_type": 5, "operation_dept": 13, "operation_user": 5, "operation_info": {"transport_out_id": 9}}}, {"model": "wuliu.waybillrouting", "pk": 60, "fields": {"waybill": 15, "time": "2021-06-07T03:28:35.542Z", "operation_type": 0, "operation_dept": 16, "operation_user": 2, "operation_info": {}}}, {"model": "wuliu.waybillrouting", "pk": 61, "fields": {"waybill": 14, "time": "2021-06-07T03:29:26.520Z", "operation_type": 2, "operation_dept": 16, "operation_user": 2, "operation_info": {"transport_out_id": 10}}}, {"model": "wuliu.waybillrouting", "pk": 62, "fields": {"waybill": 15, "time": "2021-06-07T03:29:26.520Z", "operation_type": 2, "operation_dept": 16, "operation_user": 2, "operation_info": {"transport_out_id": 10}}}, {"model": "wuliu.waybillrouting", "pk": 63, "fields": {"waybill": 6, "time": "2021-06-07T03:30:51.384Z", "operation_type": 6, "operation_dept": 15, "operation_user": 1, "operation_info": {}}}, {"model": "wuliu.waybillrouting", "pk": 64, "fields": {"waybill": 7, "time": "2021-06-07T03:30:51.384Z", "operation_type": 6, "operation_dept": 15, "operation_user": 1, "operation_info": {}}}, {"model": "wuliu.waybillrouting", "pk": 65, "fields": {"waybill": 11, "time": "2021-06-07T03:30:51.384Z", "operation_type": 6, "operation_dept": 15, "operation_user": 1, "operation_info": {}}}, {"model": "wuliu.waybillrouting", "pk": 66, "fields": {"waybill": 12, "time": "2021-06-07T03:30:51.384Z", "operation_type": 6, "operation_dept": 15, "operation_user": 1, "operation_info": {}}}, {"model": "wuliu.waybillrouting", "pk": 67, "fields": {"waybill": 13, "time": "2021-06-07T03:30:51.384Z", "operation_type": 6, "operation_dept": 15, "operation_user": 1, "operation_info": {}}}, {"model": "wuliu.waybillrouting", "pk": 68, "fields": {"waybill": 16, "time": "2021-06-10T02:35:29.037Z", "operation_type": 0, "operation_dept": 16, "operation_user": 2, "operation_info": {}}}, {"model": "wuliu.waybillrouting", "pk": 69, "fields": {"waybill": 17, "time": "2021-06-10T02:36:11.996Z", "operation_type": 0, "operation_dept": 16, "operation_user": 2, "operation_info": {}}}, {"model": "wuliu.waybillrouting", "pk": 70, "fields": {"waybill": 18, "time": "2021-06-10T02:36:51.308Z", "operation_type": 0, "operation_dept": 16, "operation_user": 2, "operation_info": {}}}, {"model": "wuliu.waybillrouting", "pk": 71, "fields": {"waybill": 16, "time": "2021-06-10T02:40:21.481Z", "operation_type": 2, "operation_dept": 16, "operation_user": 2, "operation_info": {"transport_out_id": 11}}}, {"model": "wuliu.waybillrouting", "pk": 72, "fields": {"waybill": 17, "time": "2021-06-10T02:40:21.481Z", "operation_type": 2, "operation_dept": 16, "operation_user": 2, "operation_info": {"transport_out_id": 11}}}, {"model": "wuliu.waybillrouting", "pk": 73, "fields": {"waybill": 18, "time": "2021-06-10T02:40:21.481Z", "operation_type": 2, "operation_dept": 16, "operation_user": 2, "operation_info": {"transport_out_id": 11}}}, {"model": "wuliu.waybillrouting", "pk": 74, "fields": {"waybill": 19, "time": "2021-07-02T10:10:02.350Z", "operation_type": 0, "operation_dept": 16, "operation_user": 2, "operation_info": {}}}, {"model": "wuliu.waybillrouting", "pk": 75, "fields": {"waybill": 19, "time": "2021-07-03T10:41:29.226Z", "operation_type": 2, "operation_dept": 16, "operation_user": 2, "operation_info": {"transport_out_id": 13}}}, {"model": "wuliu.waybillrouting", "pk": 76, "fields": {"waybill": 8, "time": "2021-07-06T01:55:03.946Z", "operation_type": 5, "operation_dept": 13, "operation_user": 5, "operation_info": {"transport_out_id": 12}}}, {"model": "wuliu.waybillrouting", "pk": 77, "fields": {"waybill": 9, "time": "2021-07-06T01:55:03.946Z", "operation_type": 5, "operation_dept": 13, "operation_user": 5, "operation_info": {"transport_out_id": 12}}}, {"model": "wuliu.waybillrouting", "pk": 78, "fields": {"waybill": 10, "time": "2021-07-06T01:55:03.946Z", "operation_type": 5, "operation_dept": 13, "operation_user": 5, "operation_info": {"transport_out_id": 12}}}, {"model": "wuliu.waybillrouting", "pk": 79, "fields": {"waybill": 14, "time": "2021-07-06T01:55:18.377Z", "operation_type": 3, "operation_dept": 13, "operation_user": 5, "operation_info": {}}}, {"model": "wuliu.waybillrouting", "pk": 80, "fields": {"waybill": 15, "time": "2021-07-06T01:55:18.377Z", "operation_type": 3, "operation_dept": 13, "operation_user": 5, "operation_info": {}}}, {"model": "wuliu.waybillrouting", "pk": 81, "fields": {"waybill": 16, "time": "2021-07-06T01:55:40.945Z", "operation_type": 3, "operation_dept": 13, "operation_user": 5, "operation_info": {}}}, {"model": "wuliu.waybillrouting", "pk": 82, "fields": {"waybill": 17, "time": "2021-07-06T01:55:40.945Z", "operation_type": 3, "operation_dept": 13, "operation_user": 5, "operation_info": {}}}, {"model": "wuliu.waybillrouting", "pk": 83, "fields": {"waybill": 18, "time": "2021-07-06T01:55:40.945Z", "operation_type": 3, "operation_dept": 13, "operation_user": 5, "operation_info": {}}}, {"model": "wuliu.waybillrouting", "pk": 84, "fields": {"waybill": 19, "time": "2021-07-06T01:55:48.824Z", "operation_type": 3, "operation_dept": 13, "operation_user": 5, "operation_info": {}}}, {"model": "wuliu.waybillrouting", "pk": 85, "fields": {"waybill": 14, "time": "2021-07-06T01:56:15.834Z", "operation_type": 5, "operation_dept": 13, "operation_user": 5, "operation_info": {"transport_out_id": 14}}}, {"model": "wuliu.waybillrouting", "pk": 86, "fields": {"waybill": 15, "time": "2021-07-06T01:56:15.834Z", "operation_type": 5, "operation_dept": 13, "operation_user": 5, "operation_info": {"transport_out_id": 14}}}, {"model": "wuliu.waybillrouting", "pk": 87, "fields": {"waybill": 16, "time": "2021-07-06T01:56:15.834Z", "operation_type": 5, "operation_dept": 13, "operation_user": 5, "operation_info": {"transport_out_id": 14}}}, {"model": "wuliu.waybillrouting", "pk": 88, "fields": {"waybill": 17, "time": "2021-07-06T01:56:15.834Z", "operation_type": 5, "operation_dept": 13, "operation_user": 5, "operation_info": {"transport_out_id": 14}}}, {"model": "wuliu.waybillrouting", "pk": 89, "fields": {"waybill": 18, "time": "2021-07-06T01:56:15.834Z", "operation_type": 5, "operation_dept": 13, "operation_user": 5, "operation_info": {"transport_out_id": 14}}}, {"model": "wuliu.waybillrouting", "pk": 90, "fields": {"waybill": 19, "time": "2021-07-06T01:56:15.834Z", "operation_type": 5, "operation_dept": 13, "operation_user": 5, "operation_info": {"transport_out_id": 14}}}, {"model": "wuliu.waybillrouting", "pk": 91, "fields": {"waybill": 14, "time": "2021-07-06T01:57:04.226Z", "operation_type": 6, "operation_dept": 15, "operation_user": 1, "operation_info": {}}}, {"model": "wuliu.waybillrouting", "pk": 92, "fields": {"waybill": 15, "time": "2021-07-06T01:57:04.226Z", "operation_type": 6, "operation_dept": 15, "operation_user": 1, "operation_info": {}}}, {"model": "wuliu.waybillrouting", "pk": 93, "fields": {"waybill": 16, "time": "2021-07-06T01:57:04.226Z", "operation_type": 6, "operation_dept": 15, "operation_user": 1, "operation_info": {}}}, {"model": "wuliu.waybillrouting", "pk": 94, "fields": {"waybill": 17, "time": "2021-07-06T01:57:04.226Z", "operation_type": 6, "operation_dept": 15, "operation_user": 1, "operation_info": {}}}, {"model": "wuliu.waybillrouting", "pk": 95, "fields": {"waybill": 18, "time": "2021-07-06T01:57:04.226Z", "operation_type": 6, "operation_dept": 15, "operation_user": 1, "operation_info": {}}}, {"model": "wuliu.waybillrouting", "pk": 96, "fields": {"waybill": 19, "time": "2021-07-06T01:57:04.226Z", "operation_type": 6, "operation_dept": 15, "operation_user": 1, "operation_info": {}}}, {"model": "wuliu.waybillrouting", "pk": 97, "fields": {"waybill": 4, "time": "2021-07-06T01:58:48.674Z", "operation_type": 7, "operation_dept": 15, "operation_user": 1, "operation_info": {}}}, {"model": "wuliu.waybillrouting", "pk": 98, "fields": {"waybill": 6, "time": "2021-07-06T01:58:48.674Z", "operation_type": 7, "operation_dept": 15, "operation_user": 1, "operation_info": {}}}, {"model": "wuliu.waybillrouting", "pk": 99, "fields": {"waybill": 13, "time": "2021-07-06T01:58:48.674Z", "operation_type": 7, "operation_dept": 15, "operation_user": 1, "operation_info": {}}}, {"model": "wuliu.waybillrouting", "pk": 100, "fields": {"waybill": 16, "time": "2021-07-06T01:58:48.674Z", "operation_type": 7, "operation_dept": 15, "operation_user": 1, "operation_info": {}}}, {"model": "wuliu.waybillrouting", "pk": 101, "fields": {"waybill": 17, "time": "2021-07-06T01:58:48.674Z", "operation_type": 7, "operation_dept": 15, "operation_user": 1, "operation_info": {}}}, {"model": "wuliu.waybillrouting", "pk": 102, "fields": {"waybill": 18, "time": "2021-07-06T01:58:48.674Z", "operation_type": 7, "operation_dept": 15, "operation_user": 1, "operation_info": {}}}, {"model": "wuliu.waybillrouting", "pk": 103, "fields": {"waybill": 19, "time": "2021-07-06T01:58:48.674Z", "operation_type": 7, "operation_dept": 15, "operation_user": 1, "operation_info": {}}}, {"model": "wuliu.waybillrouting", "pk": 104, "fields": {"waybill": 20, "time": "2021-07-06T03:45:48.544Z", "operation_type": 0, "operation_dept": 16, "operation_user": 2, "operation_info": {}}}, {"model": "wuliu.waybillrouting", "pk": 105, "fields": {"waybill": 8, "time": "2021-07-06T08:08:31.093Z", "operation_type": 6, "operation_dept": 16, "operation_user": 2, "operation_info": {}}}, {"model": "wuliu.waybillrouting", "pk": 106, "fields": {"waybill": 9, "time": "2021-07-06T08:08:31.093Z", "operation_type": 6, "operation_dept": 16, "operation_user": 2, "operation_info": {}}}, {"model": "wuliu.waybillrouting", "pk": 107, "fields": {"waybill": 10, "time": "2021-07-06T08:08:31.093Z", "operation_type": 6, "operation_dept": 16, "operation_user": 2, "operation_info": {}}}, {"model": "wuliu.waybillrouting", "pk": 108, "fields": {"waybill": 11, "time": "2021-08-12T08:03:56.499Z", "operation_type": 7, "operation_dept": 15, "operation_user": 1, "operation_info": {}}}, {"model": "wuliu.waybillrouting", "pk": 109, "fields": {"waybill": 12, "time": "2021-08-12T08:03:56.499Z", "operation_type": 7, "operation_dept": 15, "operation_user": 1, "operation_info": {}}}, {"model": "wuliu.waybillrouting", "pk": 110, "fields": {"waybill": 21, "time": "2021-08-25T02:07:07.704Z", "operation_type": 0, "operation_dept": 16, "operation_user": 2, "operation_info": {}}}, {"model": "wuliu.waybillrouting", "pk": 111, "fields": {"waybill": 20, "time": "2021-08-25T02:07:41.043Z", "operation_type": 2, "operation_dept": 16, "operation_user": 2, "operation_info": {"transport_out_id": 15}}}, {"model": "wuliu.waybillrouting", "pk": 112, "fields": {"waybill": 21, "time": "2021-08-25T02:07:41.043Z", "operation_type": 2, "operation_dept": 16, "operation_user": 2, "operation_info": {"transport_out_id": 15}}}, {"model": "wuliu.waybillrouting", "pk": 113, "fields": {"waybill": 8, "time": "2021-08-25T02:10:04.857Z", "operation_type": 7, "operation_dept": 16, "operation_user": 2, "operation_info": {}}}, {"model": "wuliu.waybillrouting", "pk": 114, "fields": {"waybill": 9, "time": "2021-08-25T02:32:15.438Z", "operation_type": 7, "operation_dept": 16, "operation_user": 2, "operation_info": {}}}, {"model": "wuliu.waybillrouting", "pk": 115, "fields": {"waybill": 10, "time": "2021-08-25T02:32:15.438Z", "operation_type": 7, "operation_dept": 16, "operation_user": 2, "operation_info": {}}}, {"model": "wuliu.waybillrouting", "pk": 116, "fields": {"waybill": 20, "time": "2021-08-25T02:38:21.316Z", "operation_type": 3, "operation_dept": 13, "operation_user": 5, "operation_info": {}}}, {"model": "wuliu.waybillrouting", "pk": 117, "fields": {"waybill": 21, "time": "2021-08-25T02:38:21.316Z", "operation_type": 3, "operation_dept": 13, "operation_user": 5, "operation_info": {}}}, {"model": "wuliu.waybillrouting", "pk": 118, "fields": {"waybill": 20, "time": "2021-08-25T02:38:58.820Z", "operation_type": 5, "operation_dept": 13, "operation_user": 5, "operation_info": {"transport_out_id": 16}}}, {"model": "wuliu.waybillrouting", "pk": 119, "fields": {"waybill": 21, "time": "2021-08-25T02:38:58.820Z", "operation_type": 5, "operation_dept": 13, "operation_user": 5, "operation_info": {"transport_out_id": 16}}}, {"model": "wuliu.waybillrouting", "pk": 120, "fields": {"waybill": 20, "time": "2021-08-31T07:30:31.879Z", "operation_type": 6, "operation_dept": 15, "operation_user": 1, "operation_info": {}}}, {"model": "wuliu.waybillrouting", "pk": 121, "fields": {"waybill": 21, "time": "2021-08-31T07:30:31.879Z", "operation_type": 6, "operation_dept": 15, "operation_user": 1, "operation_info": {}}}, {"model": "wuliu.waybillrouting", "pk": 122, "fields": {"waybill": 22, "time": "2021-09-02T03:28:10.866Z", "operation_type": 0, "operation_dept": 16, "operation_user": 2, "operation_info": {}}}, {"model": "wuliu.waybillrouting", "pk": 123, "fields": {"waybill": 23, "time": "2021-09-02T03:35:42.515Z", "operation_type": 0, "operation_dept": 16, "operation_user": 2, "operation_info": {}}}, {"model": "wuliu.waybillrouting", "pk": 124, "fields": {"waybill": 24, "time": "2021-09-02T03:36:44.995Z", "operation_type": 0, "operation_dept": 16, "operation_user": 2, "operation_info": {}}}, {"model": "wuliu.waybillrouting", "pk": 125, "fields": {"waybill": 22, "time": "2021-09-02T03:37:05.124Z", "operation_type": 2, "operation_dept": 16, "operation_user": 2, "operation_info": {"transport_out_id": 17}}}, {"model": "wuliu.waybillrouting", "pk": 126, "fields": {"waybill": 23, "time": "2021-09-02T03:37:05.124Z", "operation_type": 2, "operation_dept": 16, "operation_user": 2, "operation_info": {"transport_out_id": 17}}}, {"model": "wuliu.waybillrouting", "pk": 127, "fields": {"waybill": 24, "time": "2021-09-02T03:37:05.124Z", "operation_type": 2, "operation_dept": 16, "operation_user": 2, "operation_info": {"transport_out_id": 17}}}, {"model": "wuliu.waybillrouting", "pk": 128, "fields": {"waybill": 25, "time": "2021-09-07T13:06:51.507Z", "operation_type": 0, "operation_dept": 15, "operation_user": 1, "operation_info": {}}}, {"model": "wuliu.waybillrouting", "pk": 129, "fields": {"waybill": 26, "time": "2021-09-07T13:08:00.179Z", "operation_type": 0, "operation_dept": 15, "operation_user": 1, "operation_info": {}}}, {"model": "wuliu.waybillrouting", "pk": 130, "fields": {"waybill": 26, "time": "2021-09-07T13:08:58.324Z", "operation_type": 9, "operation_dept": 15, "operation_user": 1, "operation_info": {}}}, {"model": "wuliu.waybillrouting", "pk": 131, "fields": {"waybill": 25, "time": "2021-09-07T13:10:13.545Z", "operation_type": 2, "operation_dept": 15, "operation_user": 1, "operation_info": {"transport_out_id": 18}}}, {"model": "wuliu.waybillrouting", "pk": 132, "fields": {"waybill": 22, "time": "2021-09-07T13:12:10.064Z", "operation_type": 3, "operation_dept": 13, "operation_user": 6, "operation_info": {}}}, {"model": "wuliu.waybillrouting", "pk": 133, "fields": {"waybill": 23, "time": "2021-09-07T13:12:10.064Z", "operation_type": 3, "operation_dept": 13, "operation_user": 6, "operation_info": {}}}, {"model": "wuliu.waybillrouting", "pk": 134, "fields": {"waybill": 24, "time": "2021-09-07T13:12:10.064Z", "operation_type": 3, "operation_dept": 13, "operation_user": 6, "operation_info": {}}}, {"model": "wuliu.waybillrouting", "pk": 135, "fields": {"waybill": 25, "time": "2021-09-07T13:12:16.807Z", "operation_type": 3, "operation_dept": 13, "operation_user": 6, "operation_info": {}}}, {"model": "wuliu.waybillrouting", "pk": 136, "fields": {"waybill": 25, "time": "2021-09-07T13:12:51.671Z", "operation_type": 5, "operation_dept": 13, "operation_user": 6, "operation_info": {"transport_out_id": 19}}}, {"model": "wuliu.waybillrouting", "pk": 137, "fields": {"waybill": 25, "time": "2021-09-07T13:14:40.679Z", "operation_type": 6, "operation_dept": 16, "operation_user": 2, "operation_info": {}}}, {"model": "wuliu.waybillrouting", "pk": 138, "fields": {"waybill": 27, "time": "2021-09-07T13:18:56.017Z", "operation_type": 0, "operation_dept": 16, "operation_user": 2, "operation_info": {"return_reason": "不香！"}}}, {"model": "wuliu.waybillrouting", "pk": 139, "fields": {"waybill": 25, "time": "2021-09-07T13:18:56.017Z", "operation_type": 8, "operation_dept": 16, "operation_user": 2, "operation_info": {"return_reason": "不香！", "return_waybill_id": 27}}}, {"model": "wuliu.waybillrouting", "pk": 140, "fields": {"waybill": 28, "time": "2021-09-07T13:42:38.597Z", "operation_type": 0, "operation_dept": 15, "operation_user": 1, "operation_info": {"return_reason": "偷袭！"}}}, {"model": "wuliu.waybillrouting", "pk": 141, "fields": {"waybill": 15, "time": "2021-09-07T13:42:38.597Z", "operation_type": 8, "operation_dept": 15, "operation_user": 1, "operation_info": {"return_reason": "偷袭！", "return_waybill_id": 28}}}, {"model": "wuliu.waybillrouting", "pk": 142, "fields": {"waybill": 29, "time": "2021-09-09T03:22:02.073Z", "operation_type": 0, "operation_dept": 16, "operation_user": 2, "operation_info": {}}}, {"model": "wuliu.waybillrouting", "pk": 143, "fields": {"waybill": 27, "time": "2021-09-09T03:22:34.284Z", "operation_type": 2, "operation_dept": 16, "operation_user": 2, "operation_info": {"transport_out_id": 20}}}, {"model": "wuliu.waybillrouting", "pk": 144, "fields": {"waybill": 29, "time": "2021-09-09T03:22:34.284Z", "operation_type": 2, "operation_dept": 16, "operation_user": 2, "operation_info": {"transport_out_id": 20}}}, {"model": "wuliu.waybillrouting", "pk": 145, "fields": {"waybill": 27, "time": "2021-09-09T03:23:11.908Z", "operation_type": 3, "operation_dept": 13, "operation_user": 5, "operation_info": {}}}, {"model": "wuliu.waybillrouting", "pk": 146, "fields": {"waybill": 29, "time": "2021-09-09T03:23:11.908Z", "operation_type": 3, "operation_dept": 13, "operation_user": 5, "operation_info": {}}}, {"model": "wuliu.waybillrouting", "pk": 147, "fields": {"waybill": 22, "time": "2021-09-09T03:23:37.684Z", "operation_type": 5, "operation_dept": 13, "operation_user": 5, "operation_info": {"transport_out_id": 21}}}, {"model": "wuliu.waybillrouting", "pk": 148, "fields": {"waybill": 23, "time": "2021-09-09T03:23:37.684Z", "operation_type": 5, "operation_dept": 13, "operation_user": 5, "operation_info": {"transport_out_id": 21}}}, {"model": "wuliu.waybillrouting", "pk": 149, "fields": {"waybill": 24, "time": "2021-09-09T03:23:37.684Z", "operation_type": 5, "operation_dept": 13, "operation_user": 5, "operation_info": {"transport_out_id": 21}}}, {"model": "wuliu.waybillrouting", "pk": 150, "fields": {"waybill": 27, "time": "2021-09-09T03:23:37.684Z", "operation_type": 5, "operation_dept": 13, "operation_user": 5, "operation_info": {"transport_out_id": 21}}}, {"model": "wuliu.waybillrouting", "pk": 151, "fields": {"waybill": 29, "time": "2021-09-09T03:23:37.684Z", "operation_type": 5, "operation_dept": 13, "operation_user": 5, "operation_info": {"transport_out_id": 21}}}, {"model": "wuliu.waybillrouting", "pk": 152, "fields": {"waybill": 22, "time": "2021-09-09T03:23:57.179Z", "operation_type": 6, "operation_dept": 15, "operation_user": 1, "operation_info": {}}}, {"model": "wuliu.waybillrouting", "pk": 153, "fields": {"waybill": 23, "time": "2021-09-09T03:23:57.179Z", "operation_type": 6, "operation_dept": 15, "operation_user": 1, "operation_info": {}}}, {"model": "wuliu.waybillrouting", "pk": 154, "fields": {"waybill": 24, "time": "2021-09-09T03:23:57.179Z", "operation_type": 6, "operation_dept": 15, "operation_user": 1, "operation_info": {}}}, {"model": "wuliu.waybillrouting", "pk": 155, "fields": {"waybill": 27, "time": "2021-09-09T03:23:57.179Z", "operation_type": 6, "operation_dept": 15, "operation_user": 1, "operation_info": {}}}, {"model": "wuliu.waybillrouting", "pk": 156, "fields": {"waybill": 29, "time": "2021-09-09T03:23:57.179Z", "operation_type": 6, "operation_dept": 15, "operation_user": 1, "operation_info": {}}}, {"model": "wuliu.waybillrouting", "pk": 157, "fields": {"waybill": 7, "time": "2021-09-09T03:24:56.348Z", "operation_type": 7, "operation_dept": 15, "operation_user": 1, "operation_info": {}}}, {"model": "wuliu.waybillrouting", "pk": 158, "fields": {"waybill": 22, "time": "2021-09-09T03:24:56.348Z", "operation_type": 7, "operation_dept": 15, "operation_user": 1, "operation_info": {}}}, {"model": "wuliu.waybillrouting", "pk": 159, "fields": {"waybill": 20, "time": "2021-09-09T03:25:53.131Z", "operation_type": 7, "operation_dept": 15, "operation_user": 1, "operation_info": {}}}, {"model": "wuliu.waybillrouting", "pk": 160, "fields": {"waybill": 30, "time": "2021-10-08T08:10:35.587Z", "operation_type": 0, "operation_dept": 16, "operation_user": 2, "operation_info": {}}}, {"model": "wuliu.waybillrouting", "pk": 161, "fields": {"waybill": 30, "time": "2021-10-08T08:12:47.661Z", "operation_type": 2, "operation_dept": 16, "operation_user": 2, "operation_info": {"transport_out_id": 22}}}, {"model": "wuliu.waybillrouting", "pk": 162, "fields": {"waybill": 31, "time": "2021-10-19T07:00:13.173Z", "operation_type": 0, "operation_dept": 16, "operation_user": 2, "operation_info": {}}}, {"model": "wuliu.waybillrouting", "pk": 163, "fields": {"waybill": 32, "time": "2021-10-19T07:01:07.794Z", "operation_type": 0, "operation_dept": 16, "operation_user": 2, "operation_info": {}}}, {"model": "wuliu.waybillrouting", "pk": 164, "fields": {"waybill": 31, "time": "2021-10-19T07:34:43.951Z", "operation_type": 2, "operation_dept": 16, "operation_user": 2, "operation_info": {"transport_out_id": 23}}}, {"model": "wuliu.waybillrouting", "pk": 165, "fields": {"waybill": 32, "time": "2021-10-19T07:34:43.951Z", "operation_type": 2, "operation_dept": 16, "operation_user": 2, "operation_info": {"transport_out_id": 23}}}, {"model": "wuliu.waybillrouting", "pk": 166, "fields": {"waybill": 31, "time": "2021-10-19T07:35:22.644Z", "operation_type": 3, "operation_dept": 13, "operation_user": 5, "operation_info": {}}}, {"model": "wuliu.waybillrouting", "pk": 167, "fields": {"waybill": 32, "time": "2021-10-19T07:35:22.644Z", "operation_type": 3, "operation_dept": 13, "operation_user": 5, "operation_info": {}}}, {"model": "wuliu.waybillrouting", "pk": 168, "fields": {"waybill": 30, "time": "2021-10-19T07:35:35.066Z", "operation_type": 3, "operation_dept": 13, "operation_user": 5, "operation_info": {}}}, {"model": "wuliu.waybillrouting", "pk": 169, "fields": {"waybill": 30, "time": "2021-10-19T07:35:59.201Z", "operation_type": 5, "operation_dept": 13, "operation_user": 5, "operation_info": {"transport_out_id": 24}}}, {"model": "wuliu.waybillrouting", "pk": 170, "fields": {"waybill": 31, "time": "2021-10-19T07:35:59.201Z", "operation_type": 5, "operation_dept": 13, "operation_user": 5, "operation_info": {"transport_out_id": 24}}}, {"model": "wuliu.waybillrouting", "pk": 171, "fields": {"waybill": 32, "time": "2021-10-19T07:35:59.201Z", "operation_type": 5, "operation_dept": 13, "operation_user": 5, "operation_info": {"transport_out_id": 24}}}, {"model": "wuliu.waybillrouting", "pk": 172, "fields": {"waybill": 30, "time": "2021-10-19T07:40:47.455Z", "operation_type": 6, "operation_dept": 15, "operation_user": 1, "operation_info": {}}}, {"model": "wuliu.waybillrouting", "pk": 173, "fields": {"waybill": 31, "time": "2021-10-19T07:40:47.455Z", "operation_type": 6, "operation_dept": 15, "operation_user": 1, "operation_info": {}}}, {"model": "wuliu.waybillrouting", "pk": 174, "fields": {"waybill": 32, "time": "2021-10-19T07:40:47.455Z", "operation_type": 6, "operation_dept": 15, "operation_user": 1, "operation_info": {}}}, {"model": "wuliu.waybillrouting", "pk": 175, "fields": {"waybill": 14, "time": "2021-10-19T07:45:54.360Z", "operation_type": 7, "operation_dept": 15, "operation_user": 1, "operation_info": {}}}, {"model": "wuliu.waybillrouting", "pk": 176, "fields": {"waybill": 30, "time": "2021-10-19T07:45:54.360Z", "operation_type": 7, "operation_dept": 15, "operation_user": 1, "operation_info": {}}}, {"model": "wuliu.waybillrouting", "pk": 177, "fields": {"waybill": 31, "time": "2021-10-19T07:45:54.360Z", "operation_type": 7, "operation_dept": 15, "operation_user": 1, "operation_info": {}}}, {"model": "wuliu.waybillrouting", "pk": 178, "fields": {"waybill": 23, "time": "2021-10-19T07:47:52.819Z", "operation_type": 7, "operation_dept": 15, "operation_user": 1, "operation_info": {}}}, {"model": "wuliu.waybillrouting", "pk": 179, "fields": {"waybill": 29, "time": "2021-10-19T07:47:52.819Z", "operation_type": 7, "operation_dept": 15, "operation_user": 1, "operation_info": {}}}, {"model": "wuliu.waybillrouting", "pk": 180, "fields": {"waybill": 33, "time": "2021-10-29T03:40:28.724Z", "operation_type": 0, "operation_dept": 16, "operation_user": 2, "operation_info": {}}}, {"model": "wuliu.waybillrouting", "pk": 181, "fields": {"waybill": 34, "time": "2021-10-29T05:10:44.353Z", "operation_type": 0, "operation_dept": 16, "operation_user": 2, "operation_info": {}}}, {"model": "wuliu.waybillrouting", "pk": 182, "fields": {"waybill": 35, "time": "2021-10-29T05:25:35.318Z", "operation_type": 0, "operation_dept": 16, "operation_user": 2, "operation_info": {}}}, {"model": "wuliu.waybillrouting", "pk": 183, "fields": {"waybill": 35, "time": "2021-10-31T12:06:04.366Z", "operation_type": 9, "operation_dept": 16, "operation_user": 2, "operation_info": {}}}, {"model": "wuliu.waybillrouting", "pk": 184, "fields": {"waybill": 33, "time": "2021-11-02T08:16:18.938Z", "operation_type": 2, "operation_dept": 16, "operation_user": 2, "operation_info": {"transport_out_id": 28}}}, {"model": "wuliu.waybillrouting", "pk": 185, "fields": {"waybill": 34, "time": "2021-11-02T08:16:18.938Z", "operation_type": 2, "operation_dept": 16, "operation_user": 2, "operation_info": {"transport_out_id": 28}}}, {"model": "wuliu.waybillrouting", "pk": 198, "fields": {"waybill": 33, "time": "2021-11-02T08:21:40.688Z", "operation_type": 3, "operation_dept": 10, "operation_user": 3, "operation_info": {}}}, {"model": "wuliu.waybillrouting", "pk": 199, "fields": {"waybill": 34, "time": "2021-11-02T08:21:40.688Z", "operation_type": 3, "operation_dept": 10, "operation_user": 3, "operation_info": {}}}, {"model": "wuliu.waybillrouting", "pk": 200, "fields": {"waybill": 33, "time": "2021-11-08T02:24:00.570Z", "operation_type": 5, "operation_dept": 13, "operation_user": 5, "operation_info": {"transport_out_id": 29}}}, {"model": "wuliu.waybillrouting", "pk": 201, "fields": {"waybill": 34, "time": "2021-11-08T02:24:00.570Z", "operation_type": 5, "operation_dept": 13, "operation_user": 5, "operation_info": {"transport_out_id": 29}}}, {"model": "wuliu.waybillrouting", "pk": 202, "fields": {"waybill": 33, "time": "2021-11-08T02:26:09.522Z", "operation_type": 6, "operation_dept": 15, "operation_user": 1, "operation_info": {}}}, {"model": "wuliu.waybillrouting", "pk": 203, "fields": {"waybill": 34, "time": "2021-11-08T02:26:09.522Z", "operation_type": 6, "operation_dept": 15, "operation_user": 1, "operation_info": {}}}, {"model": "wuliu.waybillrouting", "pk": 204, "fields": {"waybill": 32, "time": "2021-11-08T03:01:24.161Z", "operation_type": 7, "operation_dept": 15, "operation_user": 1, "operation_info": {}}}, {"model": "wuliu.waybillrouting", "pk": 205, "fields": {"waybill": 36, "time": "2021-11-08T03:11:44.202Z", "operation_type": 0, "operation_dept": 15, "operation_user": 1, "operation_info": {"return_reason": "测试"}}}, {"model": "wuliu.waybillrouting", "pk": 206, "fields": {"waybill": 34, "time": "2021-11-08T03:11:44.202Z", "operation_type": 8, "operation_dept": 15, "operation_user": 1, "operation_info": {"return_reason": "测试", "return_waybill_id": 36}}}, {"model": "wuliu.departmentpayment", "pk": 91, "fields": {"create_time": "2021-10-21T11:19:35.605Z", "payment_date": "2021-05-30", "settle_accounts_time": "2021-10-21T11:24:19.528Z", "src_department": 16, "dst_department": 14, "status": 3, "src_remark": "", "dst_remark": "", "waybills": [1, 4]}}, {"model": "wuliu.departmentpayment", "pk": 92, "fields": {"create_time": "2021-10-21T11:19:35.620Z", "payment_date": "2021-05-31", "settle_accounts_time": "2021-10-21T11:24:19.528Z", "src_department": 15, "dst_department": 14, "status": 3, "src_remark": "", "dst_remark": "", "waybills": [1]}}, {"model": "wuliu.departmentpayment", "pk": 93, "fields": {"create_time": "2021-10-21T11:19:35.640Z", "payment_date": "2021-06-01", "settle_accounts_time": "2021-10-21T11:24:19.528Z", "src_department": 16, "dst_department": 14, "status": 3, "src_remark": "", "dst_remark": "", "waybills": [6, 7]}}, {"model": "wuliu.departmentpayment", "pk": 94, "fields": {"create_time": "2021-10-21T11:19:35.667Z", "payment_date": "2021-06-04", "settle_accounts_time": "2021-10-21T11:24:19.528Z", "src_department": 15, "dst_department": 14, "status": 3, "src_remark": "", "dst_remark": "", "waybills": [2, 5, 9]}}, {"model": "wuliu.departmentpayment", "pk": 95, "fields": {"create_time": "2021-10-21T11:19:35.688Z", "payment_date": "2021-06-05", "settle_accounts_time": "2021-10-21T11:24:19.528Z", "src_department": 16, "dst_department": 14, "status": 3, "src_remark": "", "dst_remark": "", "waybills": [12]}}, {"model": "wuliu.departmentpayment", "pk": 96, "fields": {"create_time": "2021-10-21T11:19:35.731Z", "payment_date": "2021-06-10", "settle_accounts_time": "2021-10-21T11:24:19.528Z", "src_department": 16, "dst_department": 14, "status": 3, "src_remark": "", "dst_remark": "", "waybills": [17]}}, {"model": "wuliu.departmentpayment", "pk": 97, "fields": {"create_time": "2021-10-21T11:19:35.892Z", "payment_date": "2021-07-06", "settle_accounts_time": "2021-10-21T11:24:19.528Z", "src_department": 15, "dst_department": 14, "status": 3, "src_remark": "", "dst_remark": "", "waybills": [4, 6, 13, 16, 17, 18, 19]}}, {"model": "wuliu.departmentpayment", "pk": 98, "fields": {"create_time": "2021-10-21T11:19:36.116Z", "payment_date": "2021-08-12", "settle_accounts_time": "2021-10-21T11:24:19.528Z", "src_department": 15, "dst_department": 14, "status": 3, "src_remark": "", "dst_remark": "", "waybills": [11, 12]}}, {"model": "wuliu.departmentpayment", "pk": 99, "fields": {"create_time": "2021-10-21T11:19:36.207Z", "payment_date": "2021-08-25", "settle_accounts_time": "2021-10-21T11:24:19.528Z", "src_department": 16, "dst_department": 14, "status": 3, "src_remark": "", "dst_remark": "", "waybills": [8, 9, 10]}}, {"model": "wuliu.departmentpayment", "pk": 100, "fields": {"create_time": "2021-10-21T11:19:36.265Z", "payment_date": "2021-09-02", "settle_accounts_time": "2021-10-21T11:24:19.528Z", "src_department": 16, "dst_department": 14, "status": 3, "src_remark": "", "dst_remark": "", "waybills": [23]}}, {"model": "wuliu.departmentpayment", "pk": 101, "fields": {"create_time": "2021-10-21T11:19:36.314Z", "payment_date": "2021-09-09", "settle_accounts_time": "2021-10-21T11:24:19.528Z", "src_department": 15, "dst_department": 14, "status": 3, "src_remark": "", "dst_remark": "", "waybills": [7, 20, 22]}}, {"model": "wuliu.departmentpayment", "pk": 102, "fields": {"create_time": "2021-10-21T11:19:36.491Z", "payment_date": "2021-10-08", "settle_accounts_time": "2021-10-21T11:24:19.528Z", "src_department": 16, "dst_department": 14, "status": 3, "src_remark": "", "dst_remark": "", "waybills": [30]}}, {"model": "wuliu.departmentpayment", "pk": 103, "fields": {"create_time": "2021-10-21T11:19:36.560Z", "payment_date": "2021-10-19", "settle_accounts_time": "2021-10-21T11:24:19.528Z", "src_department": 15, "dst_department": 14, "status": 3, "src_remark": "", "dst_remark": "", "waybills": [14, 23, 29, 30, 31]}}, {"model": "wuliu.departmentpayment", "pk": 104, "fields": {"create_time": "2021-10-21T11:19:36.573Z", "payment_date": "2021-10-19", "settle_accounts_time": "2021-10-21T11:24:19.528Z", "src_department": 16, "dst_department": 14, "status": 3, "src_remark": "", "dst_remark": "", "waybills": [32]}}, {"model": "wuliu.departmentpayment", "pk": 107, "fields": {"create_time": "2021-11-16T05:00:20.929Z", "payment_date": "2021-11-08", "settle_accounts_time": "2021-11-16T05:03:10.413Z", "src_department": 15, "dst_department": 14, "status": 3, "src_remark": "", "dst_remark": "", "waybills": [32]}}, {"model": "wuliu.customerscorelog", "pk": 69, "fields": {"create_time": "2021-10-21T11:24:19.629Z", "customer": 1, "inc_or_dec": true, "score": 30, "remark": "运单结算", "waybill": 1, "user": null}}, {"model": "wuliu.customerscorelog", "pk": 70, "fields": {"create_time": "2021-10-21T11:24:19.690Z", "customer": 3, "inc_or_dec": true, "score": 10, "remark": "运单结算", "waybill": 4, "user": null}}, {"model": "wuliu.customerscorelog", "pk": 71, "fields": {"create_time": "2021-10-21T11:24:19.805Z", "customer": 1, "inc_or_dec": true, "score": 5, "remark": "运单结算", "waybill": 6, "user": null}}, {"model": "wuliu.customerscorelog", "pk": 72, "fields": {"create_time": "2021-10-21T11:24:19.862Z", "customer": 3, "inc_or_dec": true, "score": 5, "remark": "运单结算", "waybill": 7, "user": null}}, {"model": "wuliu.customerscorelog", "pk": 73, "fields": {"create_time": "2021-10-21T11:24:19.946Z", "customer": 3, "inc_or_dec": true, "score": 50, "remark": "运单结算", "waybill": 2, "user": null}}, {"model": "wuliu.customerscorelog", "pk": 74, "fields": {"create_time": "2021-10-21T11:24:20.002Z", "customer": 3, "inc_or_dec": true, "score": 10, "remark": "运单结算", "waybill": 5, "user": null}}, {"model": "wuliu.customerscorelog", "pk": 75, "fields": {"create_time": "2021-10-21T11:24:20.058Z", "customer": 8, "inc_or_dec": true, "score": 10, "remark": "运单结算", "waybill": 9, "user": null}}, {"model": "wuliu.customerscorelog", "pk": 76, "fields": {"create_time": "2021-10-21T11:24:20.142Z", "customer": 3, "inc_or_dec": true, "score": 5, "remark": "运单结算", "waybill": 12, "user": null}}, {"model": "wuliu.customerscorelog", "pk": 77, "fields": {"create_time": "2021-10-21T11:24:20.226Z", "customer": 1, "inc_or_dec": true, "score": 10, "remark": "运单结算", "waybill": 17, "user": null}}, {"model": "wuliu.customerscorelog", "pk": 78, "fields": {"create_time": "2021-10-21T11:24:20.311Z", "customer": 3, "inc_or_dec": true, "score": 10, "remark": "运单结算", "waybill": 13, "user": null}}, {"model": "wuliu.customerscorelog", "pk": 79, "fields": {"create_time": "2021-10-21T11:24:20.367Z", "customer": 1, "inc_or_dec": true, "score": 10, "remark": "运单结算", "waybill": 16, "user": null}}, {"model": "wuliu.customerscorelog", "pk": 80, "fields": {"create_time": "2021-10-21T11:24:20.424Z", "customer": 3, "inc_or_dec": true, "score": 5, "remark": "运单结算", "waybill": 18, "user": null}}, {"model": "wuliu.customerscorelog", "pk": 81, "fields": {"create_time": "2021-10-21T11:24:20.479Z", "customer": 1, "inc_or_dec": true, "score": 50, "remark": "运单结算", "waybill": 19, "user": null}}, {"model": "wuliu.customerscorelog", "pk": 82, "fields": {"create_time": "2021-10-21T11:24:20.563Z", "customer": 1, "inc_or_dec": true, "score": 5, "remark": "运单结算", "waybill": 11, "user": null}}, {"model": "wuliu.customerscorelog", "pk": 83, "fields": {"create_time": "2021-10-21T11:24:20.653Z", "customer": 8, "inc_or_dec": true, "score": 5, "remark": "运单结算", "waybill": 10, "user": null}}, {"model": "wuliu.customerscorelog", "pk": 84, "fields": {"create_time": "2021-10-21T11:24:20.749Z", "customer": 3, "inc_or_dec": true, "score": 50, "remark": "运单结算", "waybill": 23, "user": null}}, {"model": "wuliu.customerscorelog", "pk": 85, "fields": {"create_time": "2021-10-21T11:24:20.862Z", "customer": 1, "inc_or_dec": true, "score": 3047, "remark": "运单结算", "waybill": 30, "user": null}}, {"model": "wuliu.customerscorelog", "pk": 86, "fields": {"create_time": "2021-10-21T11:24:20.946Z", "customer": 3, "inc_or_dec": true, "score": 5, "remark": "运单结算", "waybill": 14, "user": null}}, {"model": "wuliu.customerscorelog", "pk": 87, "fields": {"create_time": "2021-10-21T11:24:21.002Z", "customer": 3, "inc_or_dec": true, "score": 15, "remark": "运单结算", "waybill": 29, "user": null}}, {"model": "wuliu.customerscorelog", "pk": 88, "fields": {"create_time": "2021-10-21T11:24:21.058Z", "customer": 8, "inc_or_dec": true, "score": 5, "remark": "运单结算", "waybill": 31, "user": null}}, {"model": "wuliu.customerscorelog", "pk": 89, "fields": {"create_time": "2021-10-21T11:24:21.141Z", "customer": 8, "inc_or_dec": true, "score": 2, "remark": "运单结算", "waybill": 32, "user": null}}, {"model": "wuliu.customerscorelog", "pk": 90, "fields": {"create_time": "2021-10-25T07:20:52.953Z", "customer": 1, "inc_or_dec": false, "score": 1000, "remark": "兑换礼品", "waybill": null, "user": 4}}, {"model": "wuliu.customerscorelog", "pk": 91, "fields": {"create_time": "2021-10-25T07:21:45.361Z", "customer": 3, "inc_or_dec": false, "score": 100, "remark": "兑换礼品", "waybill": null, "user": 4}}, {"model": "wuliu.customerscorelog", "pk": 92, "fields": {"create_time": "2021-11-16T03:12:05.870Z", "customer": 1, "inc_or_dec": false, "score": 500, "remark": "兑换礼品", "waybill": null, "user": 4}}]